Workbook

Sheet Explicit Short
A1: query_id | B1: query | C1: ground_truth_ranked_1 | D1: ground_truth_ranked_2 | E1: ground_truth_ranked_3 | F1: Explanation reasoning
A2: Q1 | B2: Sistem belum memiliki perlindungan terhadap malware yang memadai. Selain itu, tidak terdapat aktivitas pemantauan yang konsisten untuk mendeteksi ancaman. | C2: A.8.7 | D2: A.8.16 | F2: GT1: Perlindungan terhadap malware | GT2: Aktivitas pemantauan
A3: Q2 | B3: Persyaratan keamanan aplikasi belum terdefinisi dengan jelas, sehingga berpotensi menyebabkan kerentanan keamanan. | C3: A.8.26 | F3: GT1: Persyaratan keamanan aplikasi
A4: Q3 | B4: Kontrol masuk fisik belum diterapkan secara optimal. keamanan pengkabelan belum memenuhi standar yang ditetapkan. keamanan informasi dalam perjanjian pemasok belum memenuhi standar yang ditetapkan. | C4: A.7.2 | D4: A.7.12 | E4: A.5.20 | F4: GT1: Kontrol masuk fisik | GT2: Keamanan pengkabelan | GT3: Keamanan informasi dalam perjanjian pemasok
A5: Q4 | B5: Penyaringan belum sesuai dengan standar keamanan. Selain itu, kebijakan keamanan informasi belum diterapkan secara efektif di seluruh organisasi. | C5: A.6.1 | D5: A.5.1 | F5: GT1: Penyaringan | GT2: Kebijakan keamanan informasi
A6: Q5 | B6: Keamanan informasi selama gangguan belum memenuhi standar yang ditetapkan, sehingga berpotensi menyebabkan kerentanan keamanan. | C6: A.5.29 | F6: GT1: Keamanan informasi selama gangguan
A7: Q6 | B7: Penggunaan informasi dan aset terkait yang dapat diterima belum dilakukan sesuai standar. prosedur pengembalian aset belum dijalankan dengan baik. inventarisasi informasi dan aset terkait lainnya aset belum dilakukan secara menyeluruh. | C7: A.5.10 | D7: A.5.11 | E7: A.5.9 | F7: GT1: Penggunaan informasi dan aset terkait yang dapat diterima | GT2: Pengembalian aset | GT3: Inventarisasi informasi dan aset terkait lainnya
A8: Q7 | B8: Manajemen konfigurasi belum dilakukan sesuai standar. Selain itu, sistem belum memiliki perlindungan terhadap malware yang memadai. | C8: A.8.9 | D8: A.8.7 | F8: GT1: Manajemen konfigurasi | GT2: Perlindungan terhadap malware
A9: Q8 | B9: Manajemen kerentanan teknis belum dilakukan sesuai standar, sehingga berpotensi menyebabkan kerentanan keamanan. | C9: A.8.8 | F9: GT1: Manajemen kerentanan teknis
A10: Q9 | B10: Manajemen kapasitas belum dilakukan sesuai standar. akses ke kode sumber belum diatur dengan tepat. mekanisme autentikasi yang aman belum cukup kuat. | C10: A.8.6 | D10: A.8.4 | E10: A.8.5 | F10: GT1: Manajemen kapasitas | GT2: Akses ke kode sumber | GT3: Autentikasi yang aman
A11: Q10 | B11: Sistem belum memiliki perlindungan sistem informasi selama pengujian audit yang memadai. Selain itu, informasi pengujian belum dilakukan secara rutin. | C11: A.8.34 | D11: A.8.33 | F11: GT1: Perlindungan sistem informasi selama pengujian audit | GT2: Informasi pengujian
A12: Q11 | B12: Manajemen perubahan belum dilakukan sesuai standar, sehingga berpotensi menyebabkan kerentanan keamanan. | C12: A.8.32 | F12: GT1: Manajemen perubahan
A13: Q12 | B13: Pemisahan lingkungan pengembangan, pengujian, dan produksi belum dilakukan secara rutin. instalasi perangkat lunak pada sistem operasional belum sesuai dengan standar keamanan. penggunaan program utilitas istimewa belum dilakukan sesuai standar. | C13: A.8.31 | D13: A.8.19 | E13: A.8.18 | F13: GT1: Pemisahan lingkungan pengembangan, pengujian, dan produksi | GT2: Instalasi perangkat lunak pada sistem operasional | GT3: Penggunaan program utilitas istimewa
A14: Q13 | B14: Pengembangan yang dialihdayakan belum sesuai dengan standar keamanan. Selain itu, siklus hidup pengembangan yang aman belum sesuai dengan standar keamanan. | C14: A.8.30 | D14: A.8.25 | F14: GT1: Pengembangan yang dialihdayakan | GT2: Siklus hidup pengembangan yang aman
A15: Q14 | B15: Pembatasan akses informasi belum diatur dengan tepat, sehingga berpotensi menyebabkan kerentanan keamanan. | C15: A.8.3 | F15: GT1: Pembatasan akses informasi
A16: Q15 | B16: Pengujian keamanan dalam pengembangan dan penerimaan belum memenuhi standar yang ditetapkan. prinsip rekayasa dan arsitektur sistem yang aman belum sesuai dengan standar keamanan. pengkodean yang aman belum sesuai dengan standar keamanan. | C16: A.8.29 | D16: A.8.27 | E16: A.8.28 | F16: GT1: Pengujian keamanan dalam pengembangan dan penerimaan | GT2: Prinsip rekayasa dan arsitektur sistem yang aman | GT3: Pengkodean yang aman
A17: Q16 | B17: Penggunaan kriptografi belum dilakukan sesuai standar. Selain itu, persyaratan keamanan aplikasi belum terdefinisi dengan jelas. | C17: A.8.24 | D17: A.8.26 | F17: GT1: Penggunaan kriptografi | GT2: Persyaratan keamanan aplikasi
A18: Q17 | B18: Penyaringan web belum sesuai dengan standar keamanan, sehingga berpotensi menyebabkan kerentanan keamanan. | C18: A.8.23 | F18: GT1: Penyaringan web
A19: Q18 | B19: Pemisahan jaringan belum sesuai dengan standar keamanan. keamanan jaringan belum memenuhi standar yang ditetapkan. keamanan layanan jaringan belum memenuhi standar yang ditetapkan. | C19: A.8.22 | D19: A.8.20 | E19: A.8.21 | F19: GT1: Pemisahan jaringan | GT2: Keamanan jaringan | GT3: Keamanan layanan jaringan
A20: Q19 | B20: Hak akses istimewa belum diatur dengan tepat. Selain itu, pencatatan log belum sesuai dengan standar keamanan. | C20: A.8.2 | D20: A.8.15 | F20: GT1: Hak akses istimewa | GT2: Pencatatan log
A21: Q20 | B21: Sinkronisasi jam belum sesuai dengan standar keamanan, sehingga berpotensi menyebabkan kerentanan keamanan. | C21: A.8.17 | F21: GT1: Sinkronisasi jam
A22: Q21 | B22: Redundansi fasilitas pemrosesan informasi belum sesuai dengan standar keamanan. backup informasi belum sesuai dengan standar keamanan. penghapusan informasi belum sesuai dengan standar keamanan. | C22: A.8.14 | D22: A.8.13 | E22: A.8.10 | F22: GT1: Redundansi fasilitas pemrosesan informasi | GT2: Backup informasi | GT3: Penghapusan informasi
A23: Q22 | B23: Pencegahan kebocoran data belum sesuai dengan standar keamanan. Selain itu, penyamaran data belum sesuai dengan standar keamanan. | C23: A.8.12 | D23: A.8.11 | F23: GT1: Pencegahan kebocoran data | GT2: Penyamaran data
A24: Q23 | B24: Perangkat titik akhir pengguna belum sesuai dengan standar keamanan, sehingga berpotensi menyebabkan kerentanan keamanan. | C24: A.8.1 | F24: GT1: Perangkat titik akhir pengguna
A25: Q24 | B25: Keamanan aset di luar lokasi belum memenuhi standar yang ditetapkan. sistem belum memiliki penempatan dan perlindungan peralatan yang memadai. meja bersih dan layar bersih belum sesuai dengan standar keamanan. | C25: A.7.9 | D25: A.7.8 | E25: A.7.7 | F25: GT1: Keamanan aset di luar lokasi | GT2: Penempatan dan perlindungan peralatan | GT3: Meja bersih dan layar bersih
A26: Q25 | B26: Bekerja di area aman belum sesuai dengan standar keamanan. Selain itu, mengamankan kantor, ruangan, dan fasilitas belum sesuai dengan standar keamanan. | C26: A.7.6 | D26: A.7.3 | F26: GT1: Bekerja di area aman | GT2: Mengamankan kantor, ruangan, dan fasilitas
A27: Q26 | B27: Sistem belum memiliki perlindungan terhadap ancaman fisik dan lingkungan yang memadai, sehingga berpotensi menyebabkan kerentanan keamanan. | C27: A.7.5 | F27: GT1: Perlindungan terhadap ancaman fisik dan lingkungan
A28: Q27 | B28: Tidak terdapat pemantauan keamanan fisik yang konsisten untuk mendeteksi ancaman. kontrol masuk fisik belum diterapkan secara optimal. perimeter keamanan fisik belum memenuhi standar yang ditetapkan. | C28: A.7.4 | D28: A.7.2 | E28: A.7.1 | F28: GT1: Pemantauan keamanan fisik | GT2: Kontrol masuk fisik | GT3: Perimeter keamanan fisik
A29: Q28 | B29: Pembuangan atau penggunaan kembali peralatan secara aman belum dilakukan sesuai standar. Selain itu, media penyimpanan belum sesuai dengan standar keamanan. | C29: A.7.14 | D29: A.7.10 | F29: GT1: Pembuangan atau penggunaan kembali peralatan secara aman | GT2: Media penyimpanan
A30: Q29 | B30: Pemeliharaan peralatan belum sesuai dengan standar keamanan, sehingga berpotensi menyebabkan kerentanan keamanan. | C30: A.7.13 | F30: GT1: Pemeliharaan peralatan
A31: Q30 | B31: Utilitas pendukung belum sesuai dengan standar keamanan. keamanan pengkabelan belum memenuhi standar yang ditetapkan. kesiapan tik untuk kelangsungan bisnis belum sesuai dengan standar keamanan. | C31: A.7.11 | D31: A.7.12 | E31: A.5.30 | F31: GT1: Utilitas pendukung | GT2: Keamanan pengkabelan | GT3: Kesiapan TIK untuk kelangsungan bisnis
A32: Q31 | B32: Pelaporan peristiwa keamanan informasi belum memenuhi standar yang ditetapkan. Selain itu, perjanjian kerahasiaan atau non-disclosure belum sesuai dengan standar keamanan. | C32: A.6.8 | D32: A.6.6 | F32: GT1: Pelaporan peristiwa keamanan informasi | GT2: Perjanjian kerahasiaan atau non-disclosure
A33: Q32 | B33: Bekerja jarak jauh belum sesuai dengan standar keamanan, sehingga berpotensi menyebabkan kerentanan keamanan. | C33: A.6.7 | F33: GT1: Bekerja jarak jauh
A34: Q33 | B34: Tanggung jawab setelah pemutusan atau perubahan hubungan kerja belum sesuai dengan standar keamanan. syarat dan ketentuan ketenagakerjaan belum sesuai dengan standar keamanan. kesadaran, pendidikan, dan pelatihan keamanan informasi belum memenuhi standar yang ditetapkan. | C34: A.6.5 | D34: A.6.2 | E34: A.6.3 | F34: GT1: Tanggung jawab setelah pemutusan atau perubahan hubungan kerja | GT2: Syarat dan ketentuan ketenagakerjaan | GT3: Kesadaran, pendidikan, dan pelatihan keamanan informasi
A35: Q34 | B35: Proses pendisiplinan belum sesuai dengan standar keamanan. Selain itu, penyaringan belum sesuai dengan standar keamanan. | C35: A.6.4 | D35: A.6.1 | F35: GT1: Proses pendisiplinan | GT2: Penyaringan
A36: Q35 | B36: Keamanan informasi dalam manajemen proyek belum dilakukan sesuai standar, sehingga berpotensi menyebabkan kerentanan keamanan. | C36: A.5.8 | F36: GT1: Keamanan informasi dalam manajemen proyek
A37: Q36 | B37: Intelijen ancaman belum sesuai dengan standar keamanan. kontak dengan kelompok kepentingan khusus belum sesuai dengan standar keamanan. kontak dengan otoritas belum sesuai dengan standar keamanan. | C37: A.5.7 | D37: A.5.6 | E37: A.5.5 | F37: GT1: Intelijen ancaman | GT2: Kontak dengan kelompok kepentingan khusus | GT3: Kontak dengan otoritas
A38: Q37 | B38: Tanggung jawab manajemen belum dilakukan sesuai standar. Selain itu, peran dan tanggung jawab keamanan informasi belum memenuhi standar yang ditetapkan. | C38: A.5.4 | D38: A.5.2 | F38: GT1: Tanggung jawab manajemen | GT2: Peran dan tanggung jawab keamanan informasi
A39: Q38 | B39: Prosedur operasional yang didokumentasikan belum sesuai dengan standar keamanan, sehingga berpotensi menyebabkan kerentanan keamanan. | C39: A.5.37 | F39: GT1: Prosedur operasional yang didokumentasikan
A40: Q39 | B40: Kepatuhan terhadap kebijakan dan standar keamanan informasi belum diterapkan secara efektif di seluruh organisasi. tinjauan independen keamanan informasi belum memenuhi standar yang ditetapkan. sistem belum memiliki privasi dan perlindungan data pribadi yang memadai. | C40: A.5.36 | D40: A.5.35 | E40: A.5.34 | F40: GT1: Kepatuhan terhadap kebijakan dan standar keamanan informasi | GT2: Tinjauan independen keamanan informasi | GT3: Privasi dan perlindungan data pribadi
A41: Q40 | B41: Sistem belum memiliki perlindungan catatan yang memadai. Selain itu, hak kekayaan intelektual belum sesuai dengan standar keamanan. | C41: A.5.33 | D41: A.5.32 | F41: GT1: Perlindungan catatan | GT2: Hak kekayaan intelektual
A42: Q41 | B42: Identifikasi persyaratan hukum, perundang-undangan, regulasi, dan kontraktual belum terdefinisi dengan jelas, sehingga berpotensi menyebabkan kerentanan keamanan. | C42: A.5.31 | F42: GT1: Identifikasi persyaratan hukum, perundang-undangan, regulasi, dan kontraktual
A43: Q42 | B43: Pemisahan tugas belum sesuai dengan standar keamanan. kebijakan keamanan informasi belum diterapkan secara efektif di seluruh organisasi. klasifikasi informasi belum sesuai dengan standar keamanan. | C43: A.5.3 | D43: A.5.1 | E43: A.5.12 | F43: GT1: Pemisahan tugas | GT2: Kebijakan keamanan informasi | GT3: Klasifikasi informasi
A44: Q43 | B44: Pengumpulan bukti belum sesuai dengan standar keamanan. Selain itu, respons terhadap insiden keamanan informasi belum memenuhi standar yang ditetapkan. | C44: A.5.28 | D44: A.5.26 | F44: GT1: Pengumpulan bukti | GT2: Respons terhadap insiden keamanan informasi
A45: Q44 | B45: Pembelajaran dari insiden keamanan informasi belum memenuhi standar yang ditetapkan, sehingga berpotensi menyebabkan kerentanan keamanan. | C45: A.5.27 | F45: GT1: Pembelajaran dari insiden keamanan informasi
A46: Q45 | B46: Penilaian dan keputusan tentang peristiwa keamanan informasi belum memenuhi standar yang ditetapkan. perencanaan dan persiapan pengelolaan insiden keamanan informasi belum dilakukan sesuai standar. tidak terdapat pemantauan, peninjauan, dan pengelolaan perubahan layanan pemasok yang konsisten untuk mendeteksi ancaman. | C46: A.5.25 | D46: A.5.24 | E46: A.5.22 | F46: GT1: Penilaian dan keputusan tentang peristiwa keamanan informasi | GT2: Perencanaan dan persiapan pengelolaan insiden keamanan informasi | GT3: Pemantauan, peninjauan, dan pengelolaan perubahan layanan pemasok
A47: Q46 | B47: Keamanan informasi untuk penggunaan layanan cloud belum dilakukan sesuai standar. Selain itu, keamanan informasi dalam hubungan dengan pemasok belum memenuhi standar yang ditetapkan. | C47: A.5.23 | D47: A.5.19 | F47: GT1: Keamanan informasi untuk penggunaan layanan cloud | GT2: Keamanan informasi dalam hubungan dengan pemasok
A48: Q47 | B48: Pengelolaan keamanan informasi dalam rantai pasokan TIK belum dilakukan sesuai standar, sehingga berpotensi menyebabkan kerentanan keamanan. | C48: A.5.21 | F48: GT1: Pengelolaan keamanan informasi dalam rantai pasokan TIK
A49: Q48 | B49: Hak akses belum diatur dengan tepat. manajemen identitas belum dilakukan sesuai standar. keamanan informasi dalam perjanjian pemasok belum memenuhi standar yang ditetapkan. | C49: A.5.18 | D49: A.5.16 | E49: A.5.20 | F49: GT1: Hak akses | GT2: Manajemen identitas | GT3: Keamanan informasi dalam perjanjian pemasok
A50: Q49 | B50: Mekanisme informasi autentikasi belum cukup kuat. Selain itu, pengendalian akses belum diatur dengan tepat. | C50: A.5.17 | D50: A.5.15 | F50: GT1: Informasi autentikasi | GT2: Pengendalian akses
A51: Q50 | B51: Transfer informasi belum sesuai dengan standar keamanan, sehingga berpotensi menyebabkan kerentanan keamanan. | C51: A.5.14 | F51: GT1: Transfer informasi
A52: Q51 | B52: Pelabelan informasi belum sesuai dengan standar keamanan. penggunaan informasi dan aset terkait yang dapat diterima belum dilakukan sesuai standar. keamanan informasi selama gangguan belum memenuhi standar yang ditetapkan. | C52: A.5.13 | D52: A.5.10 | E52: A.5.29 | F52: GT1: Pelabelan informasi | GT2: Penggunaan informasi dan aset terkait yang dapat diterima | GT3: Keamanan informasi selama gangguan
A53: Q52 | B53: Tidak terdapat aktivitas pemantauan yang konsisten untuk mendeteksi ancaman. Selain itu, sinkronisasi jam belum sesuai dengan standar keamanan. | C53: A.8.16 | D53: A.8.17 | F53: GT1: Aktivitas pemantauan | GT2: Sinkronisasi jam
A54: Q53 | B54: Manajemen konfigurasi belum dilakukan sesuai standar, sehingga berpotensi menyebabkan kerentanan keamanan. | C54: A.8.9 | F54: GT1: Manajemen konfigurasi
A55: Q54 | B55: Manajemen kerentanan teknis belum dilakukan sesuai standar. sistem belum memiliki perlindungan terhadap malware yang memadai. manajemen kapasitas belum dilakukan sesuai standar. | C55: A.8.8 | D55: A.8.7 | E55: A.8.6 | F55: GT1: Manajemen kerentanan teknis | GT2: Perlindungan terhadap malware | GT3: Manajemen kapasitas
A56: Q55 | B56: Mekanisme autentikasi yang aman belum cukup kuat. Selain itu, pembatasan akses informasi belum diatur dengan tepat. | C56: A.8.5 | D56: A.8.3 | F56: GT1: Autentikasi yang aman | GT2: Pembatasan akses informasi
A57: Q56 | B57: Akses ke kode sumber belum diatur dengan tepat, sehingga berpotensi menyebabkan kerentanan keamanan. | C57: A.8.4 | F57: GT1: Akses ke kode sumber
A58: Q57 | B58: Sistem belum memiliki perlindungan sistem informasi selama pengujian audit yang memadai. informasi pengujian belum dilakukan secara rutin. pemisahan lingkungan pengembangan, pengujian, dan produksi belum dilakukan secara rutin. | C58: A.8.34 | D58: A.8.33 | E58: A.8.31 | F58: GT1: Perlindungan sistem informasi selama pengujian audit | GT2: Informasi pengujian | GT3: Pemisahan lingkungan pengembangan, pengujian, dan produksi
A59: Q58 | B59: Manajemen perubahan belum dilakukan sesuai standar. Selain itu, pengembangan yang dialihdayakan belum sesuai dengan standar keamanan. | C59: A.8.32 | D59: A.8.30 | F59: GT1: Manajemen perubahan | GT2: Pengembangan yang dialihdayakan
A60: Q59 | B60: Pengujian keamanan dalam pengembangan dan penerimaan belum memenuhi standar yang ditetapkan, sehingga berpotensi menyebabkan kerentanan keamanan. | C60: A.8.29 | F60: GT1: Pengujian keamanan dalam pengembangan dan penerimaan
A61: Q60 | B61: Pengkodean yang aman belum sesuai dengan standar keamanan. persyaratan keamanan aplikasi belum terdefinisi dengan jelas. prinsip rekayasa dan arsitektur sistem yang aman belum sesuai dengan standar keamanan. | C61: A.8.28 | D61: A.8.26 | E61: A.8.27 | F61: GT1: Pengkodean yang aman | GT2: Persyaratan keamanan aplikasi | GT3: Prinsip rekayasa dan arsitektur sistem yang aman
A62: Q61 | B62: Siklus hidup pengembangan yang aman belum sesuai dengan standar keamanan. Selain itu, penggunaan kriptografi belum dilakukan sesuai standar. | C62: A.8.25 | D62: A.8.24 | F62: GT1: Siklus hidup pengembangan yang aman | GT2: Penggunaan kriptografi
A63: Q62 | B63: Penyaringan web belum sesuai dengan standar keamanan, sehingga berpotensi menyebabkan kerentanan keamanan. | C63: A.8.23 | F63: GT1: Penyaringan web
A64: Q63 | B64: Pemisahan jaringan belum sesuai dengan standar keamanan. keamanan jaringan belum memenuhi standar yang ditetapkan. penggunaan program utilitas istimewa belum dilakukan sesuai standar. | C64: A.8.22 | D64: A.8.20 | E64: A.8.18 | F64: GT1: Pemisahan jaringan | GT2: Keamanan jaringan | GT3: Penggunaan program utilitas istimewa
A65: Q64 | B65: Keamanan layanan jaringan belum memenuhi standar yang ditetapkan. Selain itu, instalasi perangkat lunak pada sistem operasional belum sesuai dengan standar keamanan. | C65: A.8.21 | D65: A.8.19 | F65: GT1: Keamanan layanan jaringan | GT2: Instalasi perangkat lunak pada sistem operasional
A66: Q65 | B66: Hak akses istimewa belum diatur dengan tepat, sehingga berpotensi menyebabkan kerentanan keamanan. | C66: A.8.2 | F66: GT1: Hak akses istimewa
A67: Q66 | B67: Pencatatan log belum sesuai dengan standar keamanan. backup informasi belum sesuai dengan standar keamanan. penghapusan informasi belum sesuai dengan standar keamanan. | C67: A.8.15 | D67: A.8.13 | E67: A.8.10 | F67: GT1: Pencatatan log | GT2: Backup informasi | GT3: Penghapusan informasi
A68: Q67 | B68: Redundansi fasilitas pemrosesan informasi belum sesuai dengan standar keamanan. Selain itu, tidak terdapat aktivitas pemantauan yang konsisten untuk mendeteksi ancaman. | C68: A.8.14 | D68: A.8.16 | F68: GT1: Redundansi fasilitas pemrosesan informasi | GT2: Aktivitas pemantauan
A69: Q68 | B69: Pencegahan kebocoran data belum sesuai dengan standar keamanan, sehingga berpotensi menyebabkan kerentanan keamanan. | C69: A.8.12 | F69: GT1: Pencegahan kebocoran data
A70: Q69 | B70: Penyamaran data belum sesuai dengan standar keamanan. perangkat titik akhir pengguna belum sesuai dengan standar keamanan. bekerja jarak jauh belum sesuai dengan standar keamanan. | C70: A.8.11 | D70: A.8.1 | E70: A.6.7 | F70: GT1: Penyamaran data | GT2: Perangkat titik akhir pengguna | GT3: Bekerja jarak jauh
A71: Q70 | B71: Keamanan aset di luar lokasi belum memenuhi standar yang ditetapkan. Selain itu, sistem belum memiliki penempatan dan perlindungan peralatan yang memadai. | C71: A.7.9 | D71: A.7.8 | F71: GT1: Keamanan aset di luar lokasi | GT2: Penempatan dan perlindungan peralatan
A72: Q71 | B72: Meja bersih dan layar bersih belum sesuai dengan standar keamanan, sehingga berpotensi menyebabkan kerentanan keamanan. | C72: A.7.7 | F72: GT1: Meja bersih dan layar bersih
A73: Q72 | B73: Bekerja di area aman belum sesuai dengan standar keamanan. mengamankan kantor, ruangan, dan fasilitas belum sesuai dengan standar keamanan. sistem belum memiliki perlindungan terhadap ancaman fisik dan lingkungan yang memadai. | C73: A.7.6 | D73: A.7.3 | E73: A.7.5 | F73: GT1: Bekerja di area aman | GT2: Mengamankan kantor, ruangan, dan fasilitas | GT3: Perlindungan terhadap ancaman fisik dan lingkungan
A74: Q73 | B74: Tidak terdapat pemantauan keamanan fisik yang konsisten untuk mendeteksi ancaman. Selain itu, kontrol masuk fisik belum diterapkan secara optimal. | C74: A.7.4 | D74: A.7.2 | F74: GT1: Pemantauan keamanan fisik | GT2: Kontrol masuk fisik
A75: Q74 | B75: Pembuangan atau penggunaan kembali peralatan secara aman belum dilakukan sesuai standar, sehingga berpotensi menyebabkan kerentanan keamanan. | C75: A.7.14 | F75: GT1: Pembuangan atau penggunaan kembali peralatan secara aman
A76: Q75 | B76: Pemeliharaan peralatan belum sesuai dengan standar keamanan. keamanan pengkabelan belum memenuhi standar yang ditetapkan. utilitas pendukung belum sesuai dengan standar keamanan. | C76: A.7.13 | D76: A.7.12 | E76: A.7.11 | F76: GT1: Pemeliharaan peralatan | GT2: Keamanan pengkabelan | GT3: Utilitas pendukung
A77: Q76 | B77: Media penyimpanan belum sesuai dengan standar keamanan. Selain itu, perimeter keamanan fisik belum memenuhi standar yang ditetapkan. | C77: A.7.10 | D77: A.7.1 | F77: GT1: Media penyimpanan | GT2: Perimeter keamanan fisik
A78: Q77 | B78: Pelaporan peristiwa keamanan informasi belum memenuhi standar yang ditetapkan, sehingga berpotensi menyebabkan kerentanan keamanan. | C78: A.6.8 | F78: GT1: Pelaporan peristiwa keamanan informasi
A79: Q78 | B79: Perjanjian kerahasiaan atau non-disclosure belum sesuai dengan standar keamanan. tanggung jawab setelah pemutusan atau perubahan hubungan kerja belum sesuai dengan standar keamanan. syarat dan ketentuan ketenagakerjaan belum sesuai dengan standar keamanan. | C79: A.6.6 | D79: A.6.5 | E79: A.6.2 | F79: GT1: Perjanjian kerahasiaan atau non-disclosure | GT2: Tanggung jawab setelah pemutusan atau perubahan hubungan kerja | GT3: Syarat dan ketentuan ketenagakerjaan
A80: Q79 | B80: Proses pendisiplinan belum sesuai dengan standar keamanan. Selain itu, kesadaran, pendidikan, dan pelatihan keamanan informasi belum memenuhi standar yang ditetapkan. | C80: A.6.4 | D80: A.6.3 | F80: GT1: Proses pendisiplinan | GT2: Kesadaran, pendidikan, dan pelatihan keamanan informasi
A81: Q80 | B81: Inventarisasi informasi dan aset terkait lainnya aset belum dilakukan secara menyeluruh, sehingga berpotensi menyebabkan kerentanan keamanan. | C81: A.5.9 | F81: GT1: Inventarisasi informasi dan aset terkait lainnya
A82: Q81 | B82: Keamanan informasi dalam manajemen proyek belum dilakukan sesuai standar. penggunaan informasi dan aset terkait yang dapat diterima belum dilakukan sesuai standar. prosedur pengembalian aset belum dijalankan dengan baik. | C82: A.5.8 | D82: A.5.10 | E82: A.5.11 | F82: GT1: Keamanan informasi dalam manajemen proyek | GT2: Penggunaan informasi dan aset terkait yang dapat diterima | GT3: Pengembalian aset
A83: Q82 | B83: Intelijen ancaman belum sesuai dengan standar keamanan. Selain itu, kontak dengan kelompok kepentingan khusus belum sesuai dengan standar keamanan. | C83: A.5.7 | D83: A.5.6 | F83: GT1: Intelijen ancaman | GT2: Kontak dengan kelompok kepentingan khusus
A84: Q83 | B84: Kontak dengan otoritas belum sesuai dengan standar keamanan, sehingga berpotensi menyebabkan kerentanan keamanan. | C84: A.5.5 | F84: GT1: Kontak dengan otoritas
A85: Q84 | B85: Tanggung jawab manajemen belum dilakukan sesuai standar. peran dan tanggung jawab keamanan informasi belum memenuhi standar yang ditetapkan. kebijakan keamanan informasi belum diterapkan secara efektif di seluruh organisasi. | C85: A.5.4 | D85: A.5.2 | E85: A.5.1 | F85: GT1: Tanggung jawab manajemen | GT2: Peran dan tanggung jawab keamanan informasi | GT3: Kebijakan keamanan informasi
A86: Q85 | B86: Prosedur operasional yang didokumentasikan belum sesuai dengan standar keamanan. Selain itu, tinjauan independen keamanan informasi belum memenuhi standar yang ditetapkan. | C86: A.5.37 | D86: A.5.35 | F86: GT1: Prosedur operasional yang didokumentasikan | GT2: Tinjauan independen keamanan informasi
A87: Q86 | B87: Kepatuhan terhadap kebijakan dan standar keamanan informasi belum diterapkan secara efektif di seluruh organisasi, sehingga berpotensi menyebabkan kerentanan keamanan. | C87: A.5.36 | F87: GT1: Kepatuhan terhadap kebijakan dan standar keamanan informasi
A88: Q87 | B88: Sistem belum memiliki privasi dan perlindungan data pribadi yang memadai. hak kekayaan intelektual belum sesuai dengan standar keamanan. sistem belum memiliki perlindungan catatan yang memadai. | C88: A.5.34 | D88: A.5.32 | E88: A.5.33 | F88: GT1: Privasi dan perlindungan data pribadi | GT2: Hak kekayaan intelektual | GT3: Perlindungan catatan
A89: Q88 | B89: Identifikasi persyaratan hukum, perundang-undangan, regulasi, dan kontraktual belum terdefinisi dengan jelas. Selain itu, kesiapan tik untuk kelangsungan bisnis belum sesuai dengan standar keamanan. | C89: A.5.31 | D89: A.5.30 | F89: GT1: Identifikasi persyaratan hukum, perundang-undangan, regulasi, dan kontraktual | GT2: Kesiapan TIK untuk kelangsungan bisnis
A90: Q89 | B90: Pemisahan tugas belum sesuai dengan standar keamanan, sehingga berpotensi menyebabkan kerentanan keamanan. | C90: A.5.3 | F90: GT1: Pemisahan tugas
A91: Q90 | B91: Pengumpulan bukti belum sesuai dengan standar keamanan. respons terhadap insiden keamanan informasi belum memenuhi standar yang ditetapkan. penilaian dan keputusan tentang peristiwa keamanan informasi belum memenuhi standar yang ditetapkan. | C91: A.5.28 | D91: A.5.26 | E91: A.5.25 | F91: GT1: Pengumpulan bukti | GT2: Respons terhadap insiden keamanan informasi | GT3: Penilaian dan keputusan tentang peristiwa keamanan informasi
A92: Q91 | B92: Pembelajaran dari insiden keamanan informasi belum memenuhi standar yang ditetapkan. Selain itu, keamanan informasi selama gangguan belum memenuhi standar yang ditetapkan. | C92: A.5.27 | D92: A.5.29 | F92: GT1: Pembelajaran dari insiden keamanan informasi | GT2: Keamanan informasi selama gangguan
A93: Q92 | B93: Perencanaan dan persiapan pengelolaan insiden keamanan informasi belum dilakukan sesuai standar, sehingga berpotensi menyebabkan kerentanan keamanan. | C93: A.5.24 | F93: GT1: Perencanaan dan persiapan pengelolaan insiden keamanan informasi
A94: Q93 | B94: Keamanan informasi untuk penggunaan layanan cloud belum dilakukan sesuai standar. keamanan informasi dalam hubungan dengan pemasok belum memenuhi standar yang ditetapkan. pengelolaan keamanan informasi dalam rantai pasokan tik belum dilakukan sesuai standar. | C94: A.5.23 | D94: A.5.19 | E94: A.5.21 | F94: GT1: Keamanan informasi untuk penggunaan layanan cloud | GT2: Keamanan informasi dalam hubungan dengan pemasok | GT3: Pengelolaan keamanan informasi dalam rantai pasokan TIK
A95: Q94 | B95: Tidak terdapat pemantauan, peninjauan, dan pengelolaan perubahan layanan pemasok yang konsisten untuk mendeteksi ancaman. Selain itu, keamanan informasi dalam perjanjian pemasok belum memenuhi standar yang ditetapkan. | C95: A.5.22 | D95: A.5.20 | F95: GT1: Pemantauan, peninjauan, dan pengelolaan perubahan layanan pemasok | GT2: Keamanan informasi dalam perjanjian pemasok
A96: Q95 | B96: Hak akses belum diatur dengan tepat, sehingga berpotensi menyebabkan kerentanan keamanan. | C96: A.5.18 | F96: GT1: Hak akses
A97: Q96 | B97: Mekanisme informasi autentikasi belum cukup kuat. manajemen identitas belum dilakukan sesuai standar. pengendalian akses belum diatur dengan tepat. | C97: A.5.17 | D97: A.5.16 | E97: A.5.15 | F97: GT1: Informasi autentikasi | GT2: Manajemen identitas | GT3: Pengendalian akses
A98: Q97 | B98: Transfer informasi belum sesuai dengan standar keamanan. Selain itu, pelabelan informasi belum sesuai dengan standar keamanan. | C98: A.5.14 | D98: A.5.13 | F98: GT1: Transfer informasi | GT2: Pelabelan informasi
A99: Q98 | B99: Klasifikasi informasi belum sesuai dengan standar keamanan, sehingga berpotensi menyebabkan kerentanan keamanan. | C99: A.5.12 | F99: GT1: Klasifikasi informasi
A100: Q99 | B100: Penyaringan belum sesuai dengan standar keamanan. kesadaran, pendidikan, dan pelatihan keamanan informasi belum memenuhi standar yang ditetapkan. syarat dan ketentuan ketenagakerjaan belum sesuai dengan standar keamanan. | C100: A.6.1 | D100: A.6.3 | E100: A.6.2 | F100: GT1: Penyaringan | GT2: Kesadaran, pendidikan, dan pelatihan keamanan informasi | GT3: Syarat dan ketentuan ketenagakerjaan
...

Sheet Explicit Long
A1: query_id | B1: query | C1: ground_truth_ranked_1 | D1: ground_truth_ranked_2 | E1: ground_truth_ranked_3
A2: Q1 | B2: Untuk mendukung keberlangsungan operasional sistem informasi yang aman, organisasi perlu menyelenggarakan perlindungan terhadap malware secara konsisten dan berkesinambungan. Mekanisme tersebut mencakup memastikan informasi dan fasilitas pemrosesan informasi dilindungi dari malware serta pengendalian terhadap potensi risiko yang dapat mengganggu operasional. Dalam hubungannya dengan hal tersebut, pelaksanaan aktivitas pemantauan menjadi esensial dalam menjamin efektivitas pengendalian keamanan informasi. Pengendalian tersebut perlu didukung oleh komitmen seluruh unit kerja serta didokumentasikan dalam bentuk prosedur yang dapat ditinjau secara berkala. | C2: A.8.7 | D2: A.8.16 | F2: GT1: Perlindungan terhadap malware | GT2: Aktivitas pemantauan | GT3: No Value
A3: Q2 | B3: Dalam kerangka tata kelola keamanan informasi yang baik, organisasi wajib menerapkan persyaratan keamanan aplikasi secara konsisten dan berkesinambungan. Kegiatan ini meliputi memastikan semua persyaratan keamanan informasi diidentifikasi dan ditangani dalam pengembangan aplikasi sebagai bagian dari upaya perlindungan menyeluruh. Pengendalian tersebut perlu didukung oleh komitmen seluruh unit kerja serta didokumentasikan dalam bentuk prosedur yang dapat ditinjau secara berkala. | C3: A.8.26 | F3: GT1: Persyaratan keamanan aplikasi | GT2: No Value
A4: Q3 | B4: Untuk mendukung keberlangsungan operasional sistem informasi yang aman, perlu dilakukan kontrol masuk fisik yang memadai pada seluruh aspek operasional yang terkait. Kegiatan ini meliputi memastikan hanya personel yang berwenang yang dapat mengakses area aman sebagai bagian dari upaya perlindungan menyeluruh. Sejalan dengan hal itu, diperlukan penerapan keamanan pengkabelan yang terstruktur dan terdokumentasi dengan baik. Selain hal tersebut, pelaksanaan keamanan informasi dalam perjanjian pemasok perlu diintegrasikan ke dalam kerangka pengendalian yang telah ditetapkan. Oleh karena itu, pengendalian tersebut harus menjadi perhatian utama dalam kerangka manajemen risiko keamanan informasi organisasi. | C4: A.7.2 | D4: A.7.12 | E4: A.5.20 | F4: GT1: Kontrol masuk fisik | GT2: Keamanan pengkabelan | GT3: Keamanan informasi dalam perjanjian pemasok
A5: Q4 | B5: Dalam rangka memenuhi persyaratan keamanan informasi organisasi, diperlukan penerapan mekanisme penyaringan sesuai dengan ketentuan dan standar yang berlaku. Pelaksanaan penyaringan tersebut harus mencakup langkah-langkah preventif dan detektif yang terstruktur. Di samping itu, pelaksanaan kebijakan keamanan informasi menjadi esensial dalam menjamin efektivitas pengendalian keamanan informasi. Keterpaduan dalam penerapan pengendalian ini menjadi kunci dalam membangun sistem keamanan informasi yang tangguh dan andal. | C5: A.6.1 | D5: A.5.1 | F5: GT1: Penyaringan | GT2: Kebijakan keamanan informasi | GT3: No Value
A6: Q5 | B6: Guna menunjang keamanan dan keandalan sistem informasi organisasi, diperlukan penerapan keamanan informasi selama gangguan secara konsisten dan berkesinambungan. Kegiatan ini meliputi memastikan keamanan informasi dipertahankan selama gangguan operasional sebagai bagian dari upaya perlindungan menyeluruh. Implementasi pengendalian ini diharapkan mampu mengurangi risiko keamanan informasi serta meningkatkan kesiapan organisasi dalam menghadapi ancaman siber. | C6: A.5.29 | F6: GT1: Keamanan informasi selama gangguan | GT2: No Value
A7: Q6 | B7: Dalam kerangka tata kelola keamanan informasi yang baik, perlu diimplementasikan penggunaan informasi dan aset terkait yang dapat diterima yang memadai pada seluruh aspek operasional yang terkait. Pelaksanaannya mencakup serangkaian prosedur yang dirancang untuk meminimalkan risiko keamanan informasi. Lebih lanjut, organisasi wajib memastikan bahwa pengembalian aset dilakukan secara konsisten dan terukur. Dalam aspek terkait, inventarisasi informasi dan aset terkait lainnya juga perlu mendapat perhatian sebagai bagian dari upaya perlindungan menyeluruh. Oleh karena itu, pengendalian tersebut harus menjadi perhatian utama dalam kerangka manajemen risiko keamanan informasi organisasi. | C7: A.5.10 | D7: A.5.11 | E7: A.5.9 | F7: GT1: Penggunaan informasi dan aset terkait yang dapat diterima | GT2: Pengembalian aset | GT3: Inventarisasi informasi dan aset terkait lainnya
A8: Q7 | B8: Dalam rangka memenuhi persyaratan keamanan informasi organisasi, perlu diimplementasikan manajemen konfigurasi sesuai dengan ketentuan dan standar yang berlaku. Pelaksanaan manajemen konfigurasi tersebut harus mencakup langkah-langkah preventif dan detektif yang terstruktur. Selain itu, diperlukan penerapan perlindungan terhadap malware yang terstruktur dan terdokumentasi dengan baik. Implementasi pengendalian ini diharapkan mampu mengurangi risiko keamanan informasi serta meningkatkan kesiapan organisasi dalam menghadapi ancaman siber. | C8: A.8.9 | D8: A.8.7 | F8: GT1: Manajemen konfigurasi | GT2: Perlindungan terhadap malware | GT3: No Value
A9: Q8 | B9: Dalam kerangka tata kelola keamanan informasi yang baik, diperlukan pengelolaan manajemen kerentanan teknis yang memadai pada seluruh aspek operasional yang terkait. Pelaksanaannya mencakup serangkaian prosedur yang dirancang untuk meminimalkan risiko keamanan informasi. Implementasi pengendalian ini diharapkan mampu mengurangi risiko keamanan informasi serta meningkatkan kesiapan organisasi dalam menghadapi ancaman siber. | C9: A.8.8 | F9: GT1: Manajemen kerentanan teknis | GT2: No Value
A10: Q9 | B10: Sebagai bagian dari upaya menjaga integritas dan keamanan sistem informasi, harus dilaksanakan manajemen kapasitas yang memadai pada seluruh aspek operasional yang terkait. Pelaksanaannya mencakup serangkaian prosedur yang dirancang untuk meminimalkan risiko keamanan informasi. Berkaitan dengan aspek tersebut, akses ke kode sumber harus dilaksanakan secara sistematis sebagai bagian dari kerangka pengendalian internal. Dalam aspek terkait, autentikasi yang aman juga perlu mendapat perhatian sebagai bagian dari upaya perlindungan menyeluruh. Oleh karena itu, pengendalian tersebut harus menjadi perhatian utama dalam kerangka manajemen risiko keamanan informasi organisasi. | C10: A.8.6 | D10: A.8.4 | E10: A.8.5 | F10: GT1: Manajemen kapasitas | GT2: Akses ke kode sumber | GT3: Autentikasi yang aman
A11: Q10 | B11: Untuk memenuhi standar keamanan informasi yang berlaku, diperlukan pengelolaan perlindungan sistem informasi selama pengujian audit sesuai dengan ketentuan dan standar yang berlaku. Pelaksanaannya mencakup serangkaian prosedur yang dirancang untuk meminimalkan risiko keamanan informasi. Pada aspek lain, organisasi perlu menyelenggarakan informasi pengujian secara berkelanjutan untuk mendukung keberlangsungan operasional. Oleh karena itu, pengendalian tersebut harus menjadi perhatian utama dalam kerangka manajemen risiko keamanan informasi organisasi. | C11: A.8.34 | D11: A.8.33 | F11: GT1: Perlindungan sistem informasi selama pengujian audit | GT2: Informasi pengujian | GT3: No Value
A12: Q11 | B12: Dalam rangka menjamin keamanan sistem informasi di lingkungan organisasi, harus dilaksanakan manajemen perubahan secara konsisten dan berkesinambungan. Pelaksanaan manajemen perubahan tersebut harus mencakup langkah-langkah preventif dan detektif yang terstruktur. Dengan penerapan pengendalian yang konsisten, organisasi dapat memastikan bahwa keamanan informasi terjaga sesuai dengan standar yang ditetapkan. | C12: A.8.32 | F12: GT1: Manajemen perubahan | GT2: No Value
A13: Q12 | B13: Untuk memenuhi standar keamanan informasi yang berlaku, diperlukan penerapan pemisahan lingkungan pengembangan, pengujian, dan produksi yang memadai pada seluruh aspek operasional yang terkait. Pelaksanaan pemisahan lingkungan pengembangan, pengujian, dan produksi tersebut harus mencakup langkah-langkah preventif dan detektif yang terstruktur. Sejalan dengan hal itu, instalasi perangkat lunak pada sistem operasional harus dilaksanakan secara sistematis sebagai bagian dari kerangka pengendalian internal. Dalam aspek terkait, penggunaan program utilitas istimewa juga perlu mendapat perhatian sebagai bagian dari upaya perlindungan menyeluruh. Pengendalian tersebut perlu didukung oleh komitmen seluruh unit kerja serta didokumentasikan dalam bentuk prosedur yang dapat ditinjau secara berkala. | C13: A.8.31 | D13: A.8.19 | E13: A.8.18 | F13: GT1: Pemisahan lingkungan pengembangan, pengujian, dan produksi | GT2: Instalasi perangkat lunak pada sistem operasional | GT3: Penggunaan program utilitas istimewa
A14: Q13 | B14: Untuk memenuhi standar keamanan informasi yang berlaku, perlu diimplementasikan pengembangan yang dialihdayakan secara konsisten dan berkesinambungan. Pelaksanaannya mencakup serangkaian prosedur yang dirancang untuk meminimalkan risiko keamanan informasi. Pada aspek lain, organisasi wajib memastikan bahwa siklus hidup pengembangan yang aman dilakukan secara konsisten dan terukur. Penerapan seluruh pengendalian tersebut secara terintegrasi diperlukan guna mencapai tingkat keamanan informasi yang memadai. | C14: A.8.30 | D14: A.8.25 | F14: GT1: Pengembangan yang dialihdayakan | GT2: Siklus hidup pengembangan yang aman | GT3: No Value
A15: Q14 | B15: Dalam upaya mewujudkan pengelolaan keamanan informasi yang komprehensif, diperlukan penerapan mekanisme pembatasan akses informasi secara konsisten dan berkesinambungan. Mekanisme tersebut mencakup memastikan akses ke informasi dibatasi sesuai dengan kebijakan pengendalian akses serta pengendalian terhadap potensi risiko yang dapat mengganggu operasional. Hal ini sejalan dengan kebutuhan organisasi dalam memastikan bahwa seluruh aspek keamanan informasi dikelola secara sistematis dan terdokumentasi dengan baik. | C15: A.8.3 | F15: GT1: Pembatasan akses informasi | GT2: No Value
A16: Q15 | B16: Sebagai upaya untuk memitigasi risiko keamanan informasi, diperlukan pelaksanaan pengujian keamanan dalam pengembangan dan penerimaan secara konsisten dan berkesinambungan. Pelaksanaannya mencakup serangkaian prosedur yang dirancang untuk meminimalkan risiko keamanan informasi. Lebih lanjut, diperlukan penerapan prinsip rekayasa dan arsitektur sistem yang aman yang terstruktur dan terdokumentasi dengan baik. Selain hal tersebut, pelaksanaan pengkodean yang aman perlu diintegrasikan ke dalam kerangka pengendalian yang telah ditetapkan. Dengan penerapan pengendalian yang konsisten, organisasi dapat memastikan bahwa keamanan informasi terjaga sesuai dengan standar yang ditetapkan. | C16: A.8.29 | D16: A.8.27 | E16: A.8.28 | F16: GT1: Pengujian keamanan dalam pengembangan dan penerimaan | GT2: Prinsip rekayasa dan arsitektur sistem yang aman | GT3: Pengkodean yang aman
A17: Q16 | B17: Dalam rangka menjamin keamanan sistem informasi di lingkungan organisasi, diperlukan pengelolaan penggunaan kriptografi yang memadai pada seluruh aspek operasional yang terkait. Mekanisme tersebut mencakup memastikan penggunaan kriptografi yang tepat dan efektif untuk melindungi kerahasiaan, autentisitas, dan integritas informasi serta pengendalian terhadap potensi risiko yang dapat mengganggu operasional. Berkaitan dengan aspek tersebut, organisasi wajib memastikan bahwa persyaratan keamanan aplikasi dilakukan secara konsisten dan terukur. Dengan penerapan pengendalian yang konsisten, organisasi dapat memastikan bahwa keamanan informasi terjaga sesuai dengan standar yang ditetapkan. | C17: A.8.24 | D17: A.8.26 | F17: GT1: Penggunaan kriptografi | GT2: Persyaratan keamanan aplikasi | GT3: No Value
A18: Q17 | B18: Dalam kerangka tata kelola keamanan informasi yang baik, organisasi wajib menerapkan penyaringan web yang memadai pada seluruh aspek operasional yang terkait. Pelaksanaan penyaringan web tersebut harus mencakup langkah-langkah preventif dan detektif yang terstruktur. Pengendalian tersebut perlu didukung oleh komitmen seluruh unit kerja serta didokumentasikan dalam bentuk prosedur yang dapat ditinjau secara berkala. | C18: A.8.23 | F18: GT1: Penyaringan web | GT2: No Value
A19: Q18 | B19: Untuk mendukung keberlangsungan operasional sistem informasi yang aman, diperlukan penerapan pemisahan jaringan yang memadai pada seluruh aspek operasional yang terkait. Mekanisme tersebut mencakup membatasi dampak insiden keamanan melalui segmentasi jaringan serta pengendalian terhadap potensi risiko yang dapat mengganggu operasional. Di samping itu, keamanan jaringan harus dilaksanakan secara sistematis sebagai bagian dari kerangka pengendalian internal. Selain hal tersebut, pelaksanaan keamanan layanan jaringan perlu diintegrasikan ke dalam kerangka pengendalian yang telah ditetapkan. Oleh karena itu, pengendalian tersebut harus menjadi perhatian utama dalam kerangka manajemen risiko keamanan informasi organisasi. | C19: A.8.22 | D19: A.8.20 | E19: A.8.21 | F19: GT1: Pemisahan jaringan | GT2: Keamanan jaringan | GT3: Keamanan layanan jaringan
A20: Q19 | B20: Sebagai bagian dari upaya menjaga integritas dan keamanan sistem informasi, organisasi perlu menyelenggarakan hak akses istimewa secara konsisten dan berkesinambungan. Kegiatan ini meliputi membatasi dan mengendalikan alokasi serta penggunaan hak akses istimewa sebagai bagian dari upaya perlindungan menyeluruh. Berkaitan dengan aspek tersebut, pencatatan log harus dilaksanakan secara sistematis sebagai bagian dari kerangka pengendalian internal. Keterpaduan dalam penerapan pengendalian ini menjadi kunci dalam membangun sistem keamanan informasi yang tangguh dan andal. | C20: A.8.2 | D20: A.8.15 | F20: GT1: Hak akses istimewa | GT2: Pencatatan log | GT3: No Value
A21: Q20 | B21: Sebagai upaya untuk memitigasi risiko keamanan informasi, diperlukan penerapan sinkronisasi jam yang memadai pada seluruh aspek operasional yang terkait. Mekanisme tersebut mencakup memastikan semua sistem menggunakan waktu yang tersinkronisasi untuk korelasi log yang akurat serta pengendalian terhadap potensi risiko yang dapat mengganggu operasional. Hal ini sejalan dengan kebutuhan organisasi dalam memastikan bahwa seluruh aspek keamanan informasi dikelola secara sistematis dan terdokumentasi dengan baik. | C21: A.8.17 | F21: GT1: Sinkronisasi jam | GT2: No Value
A22: Q21 | B22: Dalam rangka menjamin keamanan sistem informasi di lingkungan organisasi, organisasi perlu menyelenggarakan redundansi fasilitas pemrosesan informasi secara konsisten dan berkesinambungan. Pelaksanaannya mencakup serangkaian prosedur yang dirancang untuk meminimalkan risiko keamanan informasi. Terkait dengan upaya tersebut, pelaksanaan backup informasi menjadi esensial dalam menjamin efektivitas pengendalian keamanan informasi. Dalam aspek terkait, penghapusan informasi juga perlu mendapat perhatian sebagai bagian dari upaya perlindungan menyeluruh. Pengendalian tersebut perlu didukung oleh komitmen seluruh unit kerja serta didokumentasikan dalam bentuk prosedur yang dapat ditinjau secara berkala. | C22: A.8.14 | D22: A.8.13 | E22: A.8.10 | F22: GT1: Redundansi fasilitas pemrosesan informasi | GT2: Backup informasi | GT3: Penghapusan informasi
A23: Q22 | B23: Untuk memenuhi standar keamanan informasi yang berlaku, organisasi wajib menyelenggarakan pencegahan kebocoran data secara konsisten dan berkesinambungan. Pelaksanaannya mencakup serangkaian prosedur yang dirancang untuk meminimalkan risiko keamanan informasi. Lebih lanjut, organisasi wajib memastikan bahwa penyamaran data dilakukan secara konsisten dan terukur. Hal ini sejalan dengan kebutuhan organisasi dalam memastikan bahwa seluruh aspek keamanan informasi dikelola secara sistematis dan terdokumentasi dengan baik. | C23: A.8.12 | D23: A.8.11 | F23: GT1: Pencegahan kebocoran data | GT2: Penyamaran data | GT3: No Value
A24: Q23 | B24: Sebagai bagian dari upaya menjaga integritas dan keamanan sistem informasi, organisasi wajib menyelenggarakan perangkat titik akhir pengguna yang memadai pada seluruh aspek operasional yang terkait. Mekanisme tersebut mencakup melindungi informasi yang disimpan, diproses, atau diakses melalui perangkat titik akhir pengguna serta pengendalian terhadap potensi risiko yang dapat mengganggu operasional. Dengan demikian, penerapan pengendalian tersebut menjadi bagian integral dalam menjaga keamanan dan keberlangsungan layanan sistem informasi organisasi. | C24: A.8.1 | F24: GT1: Perangkat titik akhir pengguna | GT2: No Value
A25: Q24 | B25: Dalam rangka memenuhi persyaratan keamanan informasi organisasi, perlu dilakukan keamanan aset di luar lokasi secara konsisten dan berkesinambungan. Pelaksanaan keamanan aset di luar lokasi tersebut harus mencakup langkah-langkah preventif dan detektif yang terstruktur. Selanjutnya, diperlukan penerapan penempatan dan perlindungan peralatan yang terstruktur dan terdokumentasi dengan baik. Dalam aspek terkait, meja bersih dan layar bersih juga perlu mendapat perhatian sebagai bagian dari upaya perlindungan menyeluruh. Dengan demikian, penerapan pengendalian tersebut menjadi bagian integral dalam menjaga keamanan dan keberlangsungan layanan sistem informasi organisasi. | C25: A.7.9 | D25: A.7.8 | E25: A.7.7 | F25: GT1: Keamanan aset di luar lokasi | GT2: Penempatan dan perlindungan peralatan | GT3: Meja bersih dan layar bersih
A26: Q25 | B26: Guna menunjang keamanan dan keandalan sistem informasi organisasi, diperlukan penerapan bekerja di area aman sesuai dengan ketentuan dan standar yang berlaku. Mekanisme tersebut mencakup mencegah kerusakan dan gangguan oleh personel yang bekerja di area aman serta pengendalian terhadap potensi risiko yang dapat mengganggu operasional. Pada aspek lain, mengamankan kantor, ruangan, dan fasilitas harus dilaksanakan secara sistematis sebagai bagian dari kerangka pengendalian internal. Penerapan seluruh pengendalian tersebut secara terintegrasi diperlukan guna mencapai tingkat keamanan informasi yang memadai. | C26: A.7.6 | D26: A.7.3 | F26: GT1: Bekerja di area aman | GT2: Mengamankan kantor, ruangan, dan fasilitas | GT3: No Value
A27: Q26 | B27: Dalam konteks pengelolaan keamanan informasi organisasi, diperlukan pelaksanaan perlindungan terhadap ancaman fisik dan lingkungan sesuai dengan ketentuan dan standar yang berlaku. Pelaksanaannya mencakup serangkaian prosedur yang dirancang untuk meminimalkan risiko keamanan informasi. Dengan demikian, penerapan pengendalian tersebut menjadi bagian integral dalam menjaga keamanan dan keberlangsungan layanan sistem informasi organisasi. | C27: A.7.5 | F27: GT1: Perlindungan terhadap ancaman fisik dan lingkungan | GT2: No Value
A28: Q27 | B28: Untuk mendukung keberlangsungan operasional sistem informasi yang aman, harus dilaksanakan pemantauan keamanan fisik secara konsisten dan berkesinambungan. Mekanisme tersebut mencakup mendeteksi dan mencegah akses fisik yang tidak sah melalui pemantauan berkelanjutan serta pengendalian terhadap potensi risiko yang dapat mengganggu operasional. Dalam konteks yang lebih luas, pelaksanaan kontrol masuk fisik menjadi esensial dalam menjamin efektivitas pengendalian keamanan informasi. Dalam aspek terkait, perimeter keamanan fisik juga perlu mendapat perhatian sebagai bagian dari upaya perlindungan menyeluruh. Penerapan seluruh pengendalian tersebut secara terintegrasi diperlukan guna mencapai tingkat keamanan informasi yang memadai. | C28: A.7.4 | D28: A.7.2 | E28: A.7.1 | F28: GT1: Pemantauan keamanan fisik | GT2: Kontrol masuk fisik | GT3: Perimeter keamanan fisik
A29: Q28 | B29: Untuk mendukung keberlangsungan operasional sistem informasi yang aman, organisasi wajib menyelenggarakan pembuangan atau penggunaan kembali peralatan secara aman sesuai dengan ketentuan dan standar yang berlaku. Kegiatan ini meliputi mencegah kebocoran informasi dari peralatan yang dibuang atau digunakan kembali sebagai bagian dari upaya perlindungan menyeluruh. Terkait dengan upaya tersebut, organisasi perlu menyelenggarakan media penyimpanan secara berkelanjutan untuk mendukung keberlangsungan operasional. Penerapan seluruh pengendalian tersebut secara terintegrasi diperlukan guna mencapai tingkat keamanan informasi yang memadai. | C29: A.7.14 | D29: A.7.10 | F29: GT1: Pembuangan atau penggunaan kembali peralatan secara aman | GT2: Media penyimpanan | GT3: No Value
A30: Q29 | B30: Dalam rangka menjamin keamanan sistem informasi di lingkungan organisasi, organisasi perlu menyelenggarakan pemeliharaan peralatan secara konsisten dan berkesinambungan. Kegiatan ini meliputi memastikan ketersediaan dan integritas peralatan melalui pemeliharaan yang tepat sebagai bagian dari upaya perlindungan menyeluruh. Pengendalian tersebut perlu didukung oleh komitmen seluruh unit kerja serta didokumentasikan dalam bentuk prosedur yang dapat ditinjau secara berkala. | C30: A.7.13 | F30: GT1: Pemeliharaan peralatan | GT2: No Value
A31: Q30 | B31: Dalam konteks pengelolaan keamanan informasi organisasi, harus dilaksanakan utilitas pendukung secara konsisten dan berkesinambungan. Pelaksanaan utilitas pendukung tersebut harus mencakup langkah-langkah preventif dan detektif yang terstruktur. Selanjutnya, diperlukan penerapan keamanan pengkabelan yang terstruktur dan terdokumentasi dengan baik. Selain hal tersebut, pelaksanaan kesiapan tik untuk kelangsungan bisnis perlu diintegrasikan ke dalam kerangka pengendalian yang telah ditetapkan. Dengan demikian, penerapan pengendalian tersebut menjadi bagian integral dalam menjaga keamanan dan keberlangsungan layanan sistem informasi organisasi. | C31: A.7.11 | D31: A.7.12 | E31: A.5.30 | F31: GT1: Utilitas pendukung | GT2: Keamanan pengkabelan | GT3: Kesiapan TIK untuk kelangsungan bisnis
A32: Q31 | B32: Guna menunjang keamanan dan keandalan sistem informasi organisasi, perlu dilakukan pelaporan peristiwa keamanan informasi yang memadai pada seluruh aspek operasional yang terkait. Pelaksanaannya mencakup serangkaian prosedur yang dirancang untuk meminimalkan risiko keamanan informasi. Terkait dengan upaya tersebut, diperlukan penerapan perjanjian kerahasiaan atau non-disclosure yang terstruktur dan terdokumentasi dengan baik. Dengan penerapan pengendalian yang konsisten, organisasi dapat memastikan bahwa keamanan informasi terjaga sesuai dengan standar yang ditetapkan. | C32: A.6.8 | D32: A.6.6 | F32: GT1: Pelaporan peristiwa keamanan informasi | GT2: Perjanjian kerahasiaan atau non-disclosure | GT3: No Value
A33: Q32 | B33: Guna menunjang keamanan dan keandalan sistem informasi organisasi, perlu diimplementasikan bekerja jarak jauh sesuai dengan ketentuan dan standar yang berlaku. Pelaksanaan bekerja jarak jauh tersebut harus mencakup langkah-langkah preventif dan detektif yang terstruktur. Keterpaduan dalam penerapan pengendalian ini menjadi kunci dalam membangun sistem keamanan informasi yang tangguh dan andal. | C33: A.6.7 | F33: GT1: Bekerja jarak jauh | GT2: No Value
A34: Q33 | B34: Sebagai upaya untuk memitigasi risiko keamanan informasi, perlu diimplementasikan tanggung jawab setelah pemutusan atau perubahan hubungan kerja yang memadai pada seluruh aspek operasional yang terkait. Mekanisme tersebut mencakup melindungi kepentingan organisasi setelah pemutusan atau perubahan hubungan kerja serta pengendalian terhadap potensi risiko yang dapat mengganggu operasional. Selain itu, syarat dan ketentuan ketenagakerjaan harus dilaksanakan secara sistematis sebagai bagian dari kerangka pengendalian internal. Pada dimensi lain, kesadaran, pendidikan, dan pelatihan keamanan informasi juga merupakan komponen penting yang harus diperhatikan dalam kerangka keamanan informasi. Dengan penerapan pengendalian yang konsisten, organisasi dapat memastikan bahwa keamanan informasi terjaga sesuai dengan standar yang ditetapkan. | C34: A.6.5 | D34: A.6.2 | E34: A.6.3 | F34: GT1: Tanggung jawab setelah pemutusan atau perubahan hubungan kerja | GT2: Syarat dan ketentuan ketenagakerjaan | GT3: Kesadaran, pendidikan, dan pelatihan keamanan informasi
A35: Q34 | B35: Dalam kerangka tata kelola keamanan informasi yang baik, organisasi perlu menyelenggarakan proses pendisiplinan yang memadai pada seluruh aspek operasional yang terkait. Pelaksanaannya mencakup serangkaian prosedur yang dirancang untuk meminimalkan risiko keamanan informasi. Dalam hubungannya dengan hal tersebut, pelaksanaan penyaringan menjadi esensial dalam menjamin efektivitas pengendalian keamanan informasi. Hal ini sejalan dengan kebutuhan organisasi dalam memastikan bahwa seluruh aspek keamanan informasi dikelola secara sistematis dan terdokumentasi dengan baik. | C35: A.6.4 | D35: A.6.1 | F35: GT1: Proses pendisiplinan | GT2: Penyaringan | GT3: No Value
A36: Q35 | B36: Untuk mendukung keberlangsungan operasional sistem informasi yang aman, diperlukan penerapan keamanan informasi dalam manajemen proyek yang memadai pada seluruh aspek operasional yang terkait. Pelaksanaannya mencakup serangkaian prosedur yang dirancang untuk meminimalkan risiko keamanan informasi. Oleh karena itu, pengendalian tersebut harus menjadi perhatian utama dalam kerangka manajemen risiko keamanan informasi organisasi. | C36: A.5.8 | F36: GT1: Keamanan informasi dalam manajemen proyek | GT2: No Value
A37: Q36 | B37: Dalam upaya mewujudkan pengelolaan keamanan informasi yang komprehensif, diperlukan penerapan intelijen ancaman secara konsisten dan berkesinambungan. Mekanisme tersebut mencakup mengumpulkan dan menganalisis informasi tentang ancaman keamanan informasi untuk mengambil tindakan pencegahan serta pengendalian terhadap potensi risiko yang dapat mengganggu operasional. Di samping itu, kontak dengan kelompok kepentingan khusus harus dilaksanakan secara sistematis sebagai bagian dari kerangka pengendalian internal. Pada dimensi lain, kontak dengan otoritas juga merupakan komponen penting yang harus diperhatikan dalam kerangka keamanan informasi. Dengan penerapan pengendalian yang konsisten, organisasi dapat memastikan bahwa keamanan informasi terjaga sesuai dengan standar yang ditetapkan. | C37: A.5.7 | D37: A.5.6 | E37: A.5.5 | F37: GT1: Intelijen ancaman | GT2: Kontak dengan kelompok kepentingan khusus | GT3: Kontak dengan otoritas
A38: Q37 | B38: Dalam konteks pengelolaan keamanan informasi organisasi, diperlukan pengelolaan tanggung jawab manajemen secara konsisten dan berkesinambungan. Pelaksanaan tanggung jawab manajemen tersebut harus mencakup langkah-langkah preventif dan detektif yang terstruktur. Pada aspek lain, diperlukan penerapan peran dan tanggung jawab keamanan informasi yang terstruktur dan terdokumentasi dengan baik. Dengan penerapan pengendalian yang konsisten, organisasi dapat memastikan bahwa keamanan informasi terjaga sesuai dengan standar yang ditetapkan. | C38: A.5.4 | D38: A.5.2 | F38: GT1: Tanggung jawab manajemen | GT2: Peran dan tanggung jawab keamanan informasi | GT3: No Value
A39: Q38 | B39: Guna menunjang keamanan dan keandalan sistem informasi organisasi, perlu dilakukan prosedur operasional yang didokumentasikan yang memadai pada seluruh aspek operasional yang terkait. Mekanisme tersebut mencakup memastikan operasi fasilitas pemrosesan informasi dilakukan dengan benar dan aman serta pengendalian terhadap potensi risiko yang dapat mengganggu operasional. Hal ini sejalan dengan kebutuhan organisasi dalam memastikan bahwa seluruh aspek keamanan informasi dikelola secara sistematis dan terdokumentasi dengan baik. | C39: A.5.37 | F39: GT1: Prosedur operasional yang didokumentasikan | GT2: No Value
A40: Q39 | B40: Guna menunjang keamanan dan keandalan sistem informasi organisasi, diperlukan pengelolaan kepatuhan terhadap kebijakan dan standar keamanan informasi yang memadai pada seluruh aspek operasional yang terkait. Mekanisme tersebut mencakup memastikan kepatuhan terhadap kebijakan, aturan, dan standar keamanan informasi organisasi serta pengendalian terhadap potensi risiko yang dapat mengganggu operasional. Pada aspek lain, diperlukan penerapan tinjauan independen keamanan informasi yang terstruktur dan terdokumentasi dengan baik. Selain hal tersebut, pelaksanaan privasi dan perlindungan data pribadi perlu diintegrasikan ke dalam kerangka pengendalian yang telah ditetapkan. Pengendalian tersebut perlu didukung oleh komitmen seluruh unit kerja serta didokumentasikan dalam bentuk prosedur yang dapat ditinjau secara berkala. | C40: A.5.36 | D40: A.5.35 | E40: A.5.34 | F40: GT1: Kepatuhan terhadap kebijakan dan standar keamanan informasi | GT2: Tinjauan independen keamanan informasi | GT3: Privasi dan perlindungan data pribadi
A41: Q40 | B41: Guna menunjang keamanan dan keandalan sistem informasi organisasi, diperlukan penerapan mekanisme perlindungan catatan secara konsisten dan berkesinambungan. Mekanisme tersebut mencakup memastikan catatan organisasi dilindungi dari kehilangan, perusakan, dan pemalsuan serta pengendalian terhadap potensi risiko yang dapat mengganggu operasional. Berkaitan dengan aspek tersebut, organisasi wajib memastikan bahwa hak kekayaan intelektual dilakukan secara konsisten dan terukur. Pengendalian tersebut perlu didukung oleh komitmen seluruh unit kerja serta didokumentasikan dalam bentuk prosedur yang dapat ditinjau secara berkala. | C41: A.5.33 | D41: A.5.32 | F41: GT1: Perlindungan catatan | GT2: Hak kekayaan intelektual | GT3: No Value
A42: Q41 | B42: Dalam rangka menjamin keamanan sistem informasi di lingkungan organisasi, diperlukan pengelolaan identifikasi persyaratan hukum, perundang-undangan, regulasi, dan kontraktual secara konsisten dan berkesinambungan. Kegiatan ini meliputi memastikan kepatuhan terhadap persyaratan hukum dan regulasi yang berlaku sebagai bagian dari upaya perlindungan menyeluruh. Penerapan seluruh pengendalian tersebut secara terintegrasi diperlukan guna mencapai tingkat keamanan informasi yang memadai. | C42: A.5.31 | F42: GT1: Identifikasi persyaratan hukum, perundang-undangan, regulasi, dan kontraktual | GT2: No Value
A43: Q42 | B43: Dalam rangka memenuhi persyaratan keamanan informasi organisasi, organisasi perlu menyelenggarakan pemisahan tugas sesuai dengan ketentuan dan standar yang berlaku. Mekanisme tersebut mencakup mengurangi risiko penyalahgunaan aset organisasi melalui pemisahan tugas yang tidak kompatibel serta pengendalian terhadap potensi risiko yang dapat mengganggu operasional. Lebih lanjut, organisasi wajib memastikan bahwa kebijakan keamanan informasi dilakukan secara konsisten dan terukur. Dalam aspek terkait, klasifikasi informasi juga perlu mendapat perhatian sebagai bagian dari upaya perlindungan menyeluruh. Pengendalian tersebut perlu didukung oleh komitmen seluruh unit kerja serta didokumentasikan dalam bentuk prosedur yang dapat ditinjau secara berkala. | C43: A.5.3 | D43: A.5.1 | E43: A.5.12 | F43: GT1: Pemisahan tugas | GT2: Kebijakan keamanan informasi | GT3: Klasifikasi informasi
A44: Q43 | B44: Dalam rangka memenuhi persyaratan keamanan informasi organisasi, diperlukan pelaksanaan pengumpulan bukti sesuai dengan ketentuan dan standar yang berlaku. Pelaksanaan pengumpulan bukti tersebut harus mencakup langkah-langkah preventif dan detektif yang terstruktur. Di samping itu, diperlukan penerapan respons terhadap insiden keamanan informasi yang terstruktur dan terdokumentasi dengan baik. Pengendalian tersebut perlu didukung oleh komitmen seluruh unit kerja serta didokumentasikan dalam bentuk prosedur yang dapat ditinjau secara berkala. | C44: A.5.28 | D44: A.5.26 | F44: GT1: Pengumpulan bukti | GT2: Respons terhadap insiden keamanan informasi | GT3: No Value
A45: Q44 | B45: Guna menunjang keamanan dan keandalan sistem informasi organisasi, organisasi wajib menerapkan pembelajaran dari insiden keamanan informasi sesuai dengan ketentuan dan standar yang berlaku. Kegiatan ini meliputi menggunakan pengetahuan dari insiden keamanan informasi untuk memperkuat pengendalian sebagai bagian dari upaya perlindungan menyeluruh. Dengan penerapan pengendalian yang konsisten, organisasi dapat memastikan bahwa keamanan informasi terjaga sesuai dengan standar yang ditetapkan. | C45: A.5.27 | F45: GT1: Pembelajaran dari insiden keamanan informasi | GT2: No Value
A46: Q45 | B46: Sebagai upaya untuk memitigasi risiko keamanan informasi, perlu diimplementasikan penilaian dan keputusan tentang peristiwa keamanan informasi yang memadai pada seluruh aspek operasional yang terkait. Mekanisme tersebut mencakup memastikan peristiwa keamanan informasi dinilai dan diklasifikasikan dengan tepat serta pengendalian terhadap potensi risiko yang dapat mengganggu operasional. Berkaitan dengan aspek tersebut, organisasi perlu menyelenggarakan perencanaan dan persiapan pengelolaan insiden keamanan informasi secara berkelanjutan untuk mendukung keberlangsungan operasional. Dalam aspek terkait, pemantauan, peninjauan, dan pengelolaan perubahan layanan pemasok juga perlu mendapat perhatian sebagai bagian dari upaya perlindungan menyeluruh. Pengendalian tersebut perlu didukung oleh komitmen seluruh unit kerja serta didokumentasikan dalam bentuk prosedur yang dapat ditinjau secara berkala. | C46: A.5.25 | D46: A.5.24 | E46: A.5.22 | F46: GT1: Penilaian dan keputusan tentang peristiwa keamanan informasi | GT2: Perencanaan dan persiapan pengelolaan insiden keamanan informasi | GT3: Pemantauan, peninjauan, dan pengelolaan perubahan layanan pemasok
A47: Q46 | B47: Dalam upaya mewujudkan pengelolaan keamanan informasi yang komprehensif, diperlukan penerapan keamanan informasi untuk penggunaan layanan cloud secara konsisten dan berkesinambungan. Kegiatan ini meliputi memastikan keamanan informasi dalam penggunaan layanan komputasi awan sebagai bagian dari upaya perlindungan menyeluruh. Selain itu, organisasi perlu menyelenggarakan keamanan informasi dalam hubungan dengan pemasok secara berkelanjutan untuk mendukung keberlangsungan operasional. Dengan penerapan pengendalian yang konsisten, organisasi dapat memastikan bahwa keamanan informasi terjaga sesuai dengan standar yang ditetapkan. | C47: A.5.23 | D47: A.5.19 | F47: GT1: Keamanan informasi untuk penggunaan layanan cloud | GT2: Keamanan informasi dalam hubungan dengan pemasok | GT3: No Value
A48: Q47 | B48: Untuk memenuhi standar keamanan informasi yang berlaku, diperlukan penerapan mekanisme pengelolaan keamanan informasi dalam rantai pasokan tik yang memadai pada seluruh aspek operasional yang terkait. Mekanisme tersebut mencakup mempertahankan tingkat keamanan informasi yang disepakati dalam rantai pasokan produk dan layanan tik serta pengendalian terhadap potensi risiko yang dapat mengganggu operasional. Oleh karena itu, pengendalian tersebut harus menjadi perhatian utama dalam kerangka manajemen risiko keamanan informasi organisasi. | C48: A.5.21 | F48: GT1: Pengelolaan keamanan informasi dalam rantai pasokan TIK | GT2: No Value
A49: Q48 | B49: Dalam konteks pengelolaan keamanan informasi organisasi, perlu dilakukan hak akses sesuai dengan ketentuan dan standar yang berlaku. Kegiatan ini meliputi memastikan bahwa hak akses pengguna diberikan, ditinjau, dan dicabut sesuai kebijakan sebagai bagian dari upaya perlindungan menyeluruh. Lebih lanjut, organisasi wajib memastikan bahwa manajemen identitas dilakukan secara konsisten dan terukur. Pada dimensi lain, keamanan informasi dalam perjanjian pemasok juga merupakan komponen penting yang harus diperhatikan dalam kerangka keamanan informasi. Hal ini sejalan dengan kebutuhan organisasi dalam memastikan bahwa seluruh aspek keamanan informasi dikelola secara sistematis dan terdokumentasi dengan baik. | C49: A.5.18 | D49: A.5.16 | E49: A.5.20 | F49: GT1: Hak akses | GT2: Manajemen identitas | GT3: Keamanan informasi dalam perjanjian pemasok
A50: Q49 | B50: Sebagai upaya untuk memitigasi risiko keamanan informasi, perlu diimplementasikan informasi autentikasi secara konsisten dan berkesinambungan. Mekanisme tersebut mencakup memastikan pengelolaan informasi autentikasi yang aman serta pengendalian terhadap potensi risiko yang dapat mengganggu operasional. Dalam konteks yang lebih luas, pelaksanaan pengendalian akses menjadi esensial dalam menjamin efektivitas pengendalian keamanan informasi. Keterpaduan dalam penerapan pengendalian ini menjadi kunci dalam membangun sistem keamanan informasi yang tangguh dan andal. | C50: A.5.17 | D50: A.5.15 | F50: GT1: Informasi autentikasi | GT2: Pengendalian akses | GT3: No Value
A51: Q50 | B51: Sebagai upaya untuk memitigasi risiko keamanan informasi, diperlukan pelaksanaan transfer informasi yang memadai pada seluruh aspek operasional yang terkait. Pelaksanaannya mencakup serangkaian prosedur yang dirancang untuk meminimalkan risiko keamanan informasi. Penerapan seluruh pengendalian tersebut secara terintegrasi diperlukan guna mencapai tingkat keamanan informasi yang memadai. | C51: A.5.14 | F51: GT1: Transfer informasi | GT2: No Value
A52: Q51 | B52: Dalam rangka memenuhi persyaratan keamanan informasi organisasi, organisasi wajib menyelenggarakan pelabelan informasi sesuai dengan ketentuan dan standar yang berlaku. Pelaksanaannya mencakup serangkaian prosedur yang dirancang untuk meminimalkan risiko keamanan informasi. Sejalan dengan hal itu, penggunaan informasi dan aset terkait yang dapat diterima harus dilaksanakan secara sistematis sebagai bagian dari kerangka pengendalian internal. Selain hal tersebut, pelaksanaan keamanan informasi selama gangguan perlu diintegrasikan ke dalam kerangka pengendalian yang telah ditetapkan. Dengan penerapan pengendalian yang konsisten, organisasi dapat memastikan bahwa keamanan informasi terjaga sesuai dengan standar yang ditetapkan. | C52: A.5.13 | D52: A.5.10 | E52: A.5.29 | F52: GT1: Pelabelan informasi | GT2: Penggunaan informasi dan aset terkait yang dapat diterima | GT3: Keamanan informasi selama gangguan
A53: Q52 | B53: Sebagai bagian dari upaya menjaga integritas dan keamanan sistem informasi, diperlukan penerapan mekanisme aktivitas pemantauan sesuai dengan ketentuan dan standar yang berlaku. Kegiatan ini meliputi mendeteksi perilaku anomali dan potensi insiden keamanan informasi sebagai bagian dari upaya perlindungan menyeluruh. Lebih lanjut, diperlukan penerapan sinkronisasi jam yang terstruktur dan terdokumentasi dengan baik. Hal ini sejalan dengan kebutuhan organisasi dalam memastikan bahwa seluruh aspek keamanan informasi dikelola secara sistematis dan terdokumentasi dengan baik. | C53: A.8.16 | D53: A.8.17 | F53: GT1: Aktivitas pemantauan | GT2: Sinkronisasi jam | GT3: No Value
A54: Q53 | B54: Untuk mendukung keberlangsungan operasional sistem informasi yang aman, harus dilaksanakan manajemen konfigurasi yang memadai pada seluruh aspek operasional yang terkait. Mekanisme tersebut mencakup memastikan konfigurasi perangkat keras, perangkat lunak, layanan, dan jaringan dikelola dengan aman serta pengendalian terhadap potensi risiko yang dapat mengganggu operasional. Dengan demikian, penerapan pengendalian tersebut menjadi bagian integral dalam menjaga keamanan dan keberlangsungan layanan sistem informasi organisasi. | C54: A.8.9 | F54: GT1: Manajemen konfigurasi | GT2: No Value
A55: Q54 | B55: Dalam kerangka tata kelola keamanan informasi yang baik, organisasi perlu menyelenggarakan manajemen kerentanan teknis yang memadai pada seluruh aspek operasional yang terkait. Kegiatan ini meliputi mencegah eksploitasi kerentanan teknis sebagai bagian dari upaya perlindungan menyeluruh. Lebih lanjut, organisasi wajib memastikan bahwa perlindungan terhadap malware dilakukan secara konsisten dan terukur. Dalam aspek terkait, manajemen kapasitas juga perlu mendapat perhatian sebagai bagian dari upaya perlindungan menyeluruh. Keterpaduan dalam penerapan pengendalian ini menjadi kunci dalam membangun sistem keamanan informasi yang tangguh dan andal. | C55: A.8.8 | D55: A.8.7 | E55: A.8.6 | F55: GT1: Manajemen kerentanan teknis | GT2: Perlindungan terhadap malware | GT3: Manajemen kapasitas
A56: Q55 | B56: Dalam rangka menjamin keamanan sistem informasi di lingkungan organisasi, perlu diimplementasikan autentikasi yang aman sesuai dengan ketentuan dan standar yang berlaku. Mekanisme tersebut mencakup memastikan pengguna dan entitas diautentikasi dengan aman serta pengendalian terhadap potensi risiko yang dapat mengganggu operasional. Sejalan dengan hal itu, pembatasan akses informasi harus dilaksanakan secara sistematis sebagai bagian dari kerangka pengendalian internal. Dengan penerapan pengendalian yang konsisten, organisasi dapat memastikan bahwa keamanan informasi terjaga sesuai dengan standar yang ditetapkan. | C56: A.8.5 | D56: A.8.3 | F56: GT1: Autentikasi yang aman | GT2: Pembatasan akses informasi | GT3: No Value
A57: Q56 | B57: Sebagai bagian dari upaya menjaga integritas dan keamanan sistem informasi, diperlukan pengelolaan akses ke kode sumber yang memadai pada seluruh aspek operasional yang terkait. Pelaksanaan akses ke kode sumber tersebut harus mencakup langkah-langkah preventif dan detektif yang terstruktur. Pengendalian tersebut perlu didukung oleh komitmen seluruh unit kerja serta didokumentasikan dalam bentuk prosedur yang dapat ditinjau secara berkala. | C57: A.8.4 | F57: GT1: Akses ke kode sumber | GT2: No Value
A58: Q57 | B58: Sebagai bagian dari upaya menjaga integritas dan keamanan sistem informasi, organisasi wajib menerapkan perlindungan sistem informasi selama pengujian audit sesuai dengan ketentuan dan standar yang berlaku. Mekanisme tersebut mencakup meminimalkan dampak aktivitas audit terhadap sistem operasional serta pengendalian terhadap potensi risiko yang dapat mengganggu operasional. Sejalan dengan hal itu, organisasi wajib memastikan bahwa informasi pengujian dilakukan secara konsisten dan terukur. Selain hal tersebut, pelaksanaan pemisahan lingkungan pengembangan, pengujian, dan produksi perlu diintegrasikan ke dalam kerangka pengendalian yang telah ditetapkan. Penerapan seluruh pengendalian tersebut secara terintegrasi diperlukan guna mencapai tingkat keamanan informasi yang memadai. | C58: A.8.34 | D58: A.8.33 | E58: A.8.31 | F58: GT1: Perlindungan sistem informasi selama pengujian audit | GT2: Informasi pengujian | GT3: Pemisahan lingkungan pengembangan, pengujian, dan produksi
A59: Q58 | B59: Guna menunjang keamanan dan keandalan sistem informasi organisasi, diperlukan penerapan mekanisme manajemen perubahan yang memadai pada seluruh aspek operasional yang terkait. Pelaksanaannya mencakup serangkaian prosedur yang dirancang untuk meminimalkan risiko keamanan informasi. Selanjutnya, pengembangan yang dialihdayakan harus dilaksanakan secara sistematis sebagai bagian dari kerangka pengendalian internal. Keterpaduan dalam penerapan pengendalian ini menjadi kunci dalam membangun sistem keamanan informasi yang tangguh dan andal. | C59: A.8.32 | D59: A.8.30 | F59: GT1: Manajemen perubahan | GT2: Pengembangan yang dialihdayakan | GT3: No Value
A60: Q59 | B60: Dalam kerangka tata kelola keamanan informasi yang baik, perlu dilakukan pengujian keamanan dalam pengembangan dan penerimaan sesuai dengan ketentuan dan standar yang berlaku. Mekanisme tersebut mencakup memvalidasi bahwa persyaratan keamanan informasi terpenuhi melalui pengujian serta pengendalian terhadap potensi risiko yang dapat mengganggu operasional. Penerapan seluruh pengendalian tersebut secara terintegrasi diperlukan guna mencapai tingkat keamanan informasi yang memadai. | C60: A.8.29 | F60: GT1: Pengujian keamanan dalam pengembangan dan penerimaan | GT2: No Value
A61: Q60 | B61: Dalam rangka memenuhi persyaratan keamanan informasi organisasi, diperlukan penerapan mekanisme pengkodean yang aman secara konsisten dan berkesinambungan. Pelaksanaan pengkodean yang aman tersebut harus mencakup langkah-langkah preventif dan detektif yang terstruktur. Lebih lanjut, diperlukan penerapan persyaratan keamanan aplikasi yang terstruktur dan terdokumentasi dengan baik. Dalam aspek terkait, prinsip rekayasa dan arsitektur sistem yang aman juga perlu mendapat perhatian sebagai bagian dari upaya perlindungan menyeluruh. Oleh karena itu, pengendalian tersebut harus menjadi perhatian utama dalam kerangka manajemen risiko keamanan informasi organisasi. | C61: A.8.28 | D61: A.8.26 | E61: A.8.27 | F61: GT1: Pengkodean yang aman | GT2: Persyaratan keamanan aplikasi | GT3: Prinsip rekayasa dan arsitektur sistem yang aman
A62: Q61 | B62: Guna menunjang keamanan dan keandalan sistem informasi organisasi, organisasi wajib menerapkan siklus hidup pengembangan yang aman yang memadai pada seluruh aspek operasional yang terkait. Pelaksanaannya mencakup serangkaian prosedur yang dirancang untuk meminimalkan risiko keamanan informasi. Sejalan dengan hal itu, organisasi wajib memastikan bahwa penggunaan kriptografi dilakukan secara konsisten dan terukur. Dengan demikian, penerapan pengendalian tersebut menjadi bagian integral dalam menjaga keamanan dan keberlangsungan layanan sistem informasi organisasi. | C62: A.8.25 | D62: A.8.24 | F62: GT1: Siklus hidup pengembangan yang aman | GT2: Penggunaan kriptografi | GT3: No Value
A63: Q62 | B63: Dalam kerangka tata kelola keamanan informasi yang baik, organisasi wajib menerapkan penyaringan web yang memadai pada seluruh aspek operasional yang terkait. Pelaksanaan penyaringan web tersebut harus mencakup langkah-langkah preventif dan detektif yang terstruktur. Pengendalian tersebut perlu didukung oleh komitmen seluruh unit kerja serta didokumentasikan dalam bentuk prosedur yang dapat ditinjau secara berkala. | C63: A.8.23 | F63: GT1: Penyaringan web | GT2: No Value
A64: Q63 | B64: Dalam rangka menjamin keamanan sistem informasi di lingkungan organisasi, diperlukan pengelolaan pemisahan jaringan sesuai dengan ketentuan dan standar yang berlaku. Pelaksanaan pemisahan jaringan tersebut harus mencakup langkah-langkah preventif dan detektif yang terstruktur. Lebih lanjut, pelaksanaan keamanan jaringan menjadi esensial dalam menjamin efektivitas pengendalian keamanan informasi. Pada dimensi lain, penggunaan program utilitas istimewa juga merupakan komponen penting yang harus diperhatikan dalam kerangka keamanan informasi. Pengendalian tersebut perlu didukung oleh komitmen seluruh unit kerja serta didokumentasikan dalam bentuk prosedur yang dapat ditinjau secara berkala. | C64: A.8.22 | D64: A.8.20 | E64: A.8.18 | F64: GT1: Pemisahan jaringan | GT2: Keamanan jaringan | GT3: Penggunaan program utilitas istimewa
A65: Q64 | B65: Dalam konteks pengelolaan keamanan informasi organisasi, diperlukan penerapan keamanan layanan jaringan sesuai dengan ketentuan dan standar yang berlaku. Pelaksanaan keamanan layanan jaringan tersebut harus mencakup langkah-langkah preventif dan detektif yang terstruktur. Di samping itu, diperlukan penerapan instalasi perangkat lunak pada sistem operasional yang terstruktur dan terdokumentasi dengan baik. Dengan demikian, penerapan pengendalian tersebut menjadi bagian integral dalam menjaga keamanan dan keberlangsungan layanan sistem informasi organisasi. | C65: A.8.21 | D65: A.8.19 | F65: GT1: Keamanan layanan jaringan | GT2: Instalasi perangkat lunak pada sistem operasional | GT3: No Value
A66: Q65 | B66: Dalam kerangka tata kelola keamanan informasi yang baik, organisasi perlu menyelenggarakan hak akses istimewa sesuai dengan ketentuan dan standar yang berlaku. Kegiatan ini meliputi membatasi dan mengendalikan alokasi serta penggunaan hak akses istimewa sebagai bagian dari upaya perlindungan menyeluruh. Dengan demikian, penerapan pengendalian tersebut menjadi bagian integral dalam menjaga keamanan dan keberlangsungan layanan sistem informasi organisasi. | C66: A.8.2 | F66: GT1: Hak akses istimewa | GT2: No Value
A67: Q66 | B67: Sebagai bagian dari upaya menjaga integritas dan keamanan sistem informasi, diperlukan penerapan mekanisme pencatatan log yang memadai pada seluruh aspek operasional yang terkait. Mekanisme tersebut mencakup merekam peristiwa dan menghasilkan bukti untuk mendukung investigasi serta pengendalian terhadap potensi risiko yang dapat mengganggu operasional. Pada aspek lain, organisasi wajib memastikan bahwa backup informasi dilakukan secara konsisten dan terukur. Selain hal tersebut, pelaksanaan penghapusan informasi perlu diintegrasikan ke dalam kerangka pengendalian yang telah ditetapkan. Pengendalian tersebut perlu didukung oleh komitmen seluruh unit kerja serta didokumentasikan dalam bentuk prosedur yang dapat ditinjau secara berkala. | C67: A.8.15 | D67: A.8.13 | E67: A.8.10 | F67: GT1: Pencatatan log | GT2: Backup informasi | GT3: Penghapusan informasi
A68: Q67 | B68: Guna menunjang keamanan dan keandalan sistem informasi organisasi, diperlukan pengelolaan redundansi fasilitas pemrosesan informasi secara konsisten dan berkesinambungan. Mekanisme tersebut mencakup memastikan ketersediaan fasilitas pemrosesan informasi melalui redundansi serta pengendalian terhadap potensi risiko yang dapat mengganggu operasional. Selanjutnya, diperlukan penerapan aktivitas pemantauan yang terstruktur dan terdokumentasi dengan baik. Penerapan seluruh pengendalian tersebut secara terintegrasi diperlukan guna mencapai tingkat keamanan informasi yang memadai. | C68: A.8.14 | D68: A.8.16 | F68: GT1: Redundansi fasilitas pemrosesan informasi | GT2: Aktivitas pemantauan | GT3: No Value
A69: Q68 | B69: Dalam rangka memenuhi persyaratan keamanan informasi organisasi, organisasi wajib menyelenggarakan pencegahan kebocoran data sesuai dengan ketentuan dan standar yang berlaku. Mekanisme tersebut mencakup mendeteksi dan mencegah pengungkapan dan ekstraksi informasi yang tidak sah serta pengendalian terhadap potensi risiko yang dapat mengganggu operasional. Keterpaduan dalam penerapan pengendalian ini menjadi kunci dalam membangun sistem keamanan informasi yang tangguh dan andal. | C69: A.8.12 | F69: GT1: Pencegahan kebocoran data | GT2: No Value
A70: Q69 | B70: Sebagai bagian dari upaya menjaga integritas dan keamanan sistem informasi, diperlukan penerapan penyamaran data secara konsisten dan berkesinambungan. Pelaksanaan penyamaran data tersebut harus mencakup langkah-langkah preventif dan detektif yang terstruktur. Sejalan dengan hal itu, organisasi perlu menyelenggarakan perangkat titik akhir pengguna secara berkelanjutan untuk mendukung keberlangsungan operasional. Pada dimensi lain, bekerja jarak jauh juga merupakan komponen penting yang harus diperhatikan dalam kerangka keamanan informasi. Hal ini sejalan dengan kebutuhan organisasi dalam memastikan bahwa seluruh aspek keamanan informasi dikelola secara sistematis dan terdokumentasi dengan baik. | C70: A.8.11 | D70: A.8.1 | E70: A.6.7 | F70: GT1: Penyamaran data | GT2: Perangkat titik akhir pengguna | GT3: Bekerja jarak jauh
A71: Q70 | B71: Dalam rangka memenuhi persyaratan keamanan informasi organisasi, diperlukan pelaksanaan keamanan aset di luar lokasi secara konsisten dan berkesinambungan. Kegiatan ini meliputi melindungi aset yang digunakan di luar lokasi organisasi sebagai bagian dari upaya perlindungan menyeluruh. Pada aspek lain, pelaksanaan penempatan dan perlindungan peralatan menjadi esensial dalam menjamin efektivitas pengendalian keamanan informasi. Implementasi pengendalian ini diharapkan mampu mengurangi risiko keamanan informasi serta meningkatkan kesiapan organisasi dalam menghadapi ancaman siber. | C71: A.7.9 | D71: A.7.8 | F71: GT1: Keamanan aset di luar lokasi | GT2: Penempatan dan perlindungan peralatan | GT3: No Value
A72: Q71 | B72: Untuk memenuhi standar keamanan informasi yang berlaku, organisasi wajib menerapkan meja bersih dan layar bersih yang memadai pada seluruh aspek operasional yang terkait. Kegiatan ini meliputi mengurangi risiko akses tidak sah terhadap informasi melalui kebijakan meja dan layar bersih sebagai bagian dari upaya perlindungan menyeluruh. Implementasi pengendalian ini diharapkan mampu mengurangi risiko keamanan informasi serta meningkatkan kesiapan organisasi dalam menghadapi ancaman siber. | C72: A.7.7 | F72: GT1: Meja bersih dan layar bersih | GT2: No Value
A73: Q72 | B73: Dalam rangka menjamin keamanan sistem informasi di lingkungan organisasi, diperlukan penerapan mekanisme bekerja di area aman sesuai dengan ketentuan dan standar yang berlaku. Mekanisme tersebut mencakup mencegah kerusakan dan gangguan oleh personel yang bekerja di area aman serta pengendalian terhadap potensi risiko yang dapat mengganggu operasional. Di samping itu, organisasi perlu menyelenggarakan mengamankan kantor, ruangan, dan fasilitas secara berkelanjutan untuk mendukung keberlangsungan operasional. Dalam aspek terkait, perlindungan terhadap ancaman fisik dan lingkungan juga perlu mendapat perhatian sebagai bagian dari upaya perlindungan menyeluruh. Pengendalian tersebut perlu didukung oleh komitmen seluruh unit kerja serta didokumentasikan dalam bentuk prosedur yang dapat ditinjau secara berkala. | C73: A.7.6 | D73: A.7.3 | E73: A.7.5 | F73: GT1: Bekerja di area aman | GT2: Mengamankan kantor, ruangan, dan fasilitas | GT3: Perlindungan terhadap ancaman fisik dan lingkungan
A74: Q73 | B74: Dalam upaya mewujudkan pengelolaan keamanan informasi yang komprehensif, perlu dilakukan pemantauan keamanan fisik secara konsisten dan berkesinambungan. Pelaksanaan pemantauan keamanan fisik tersebut harus mencakup langkah-langkah preventif dan detektif yang terstruktur. Dalam hubungannya dengan hal tersebut, organisasi wajib memastikan bahwa kontrol masuk fisik dilakukan secara konsisten dan terukur. Pengendalian tersebut perlu didukung oleh komitmen seluruh unit kerja serta didokumentasikan dalam bentuk prosedur yang dapat ditinjau secara berkala. | C74: A.7.4 | D74: A.7.2 | F74: GT1: Pemantauan keamanan fisik | GT2: Kontrol masuk fisik | GT3: No Value
A75: Q74 | B75: Dalam upaya mewujudkan pengelolaan keamanan informasi yang komprehensif, organisasi perlu menyelenggarakan pembuangan atau penggunaan kembali peralatan secara aman sesuai dengan ketentuan dan standar yang berlaku. Kegiatan ini meliputi mencegah kebocoran informasi dari peralatan yang dibuang atau digunakan kembali sebagai bagian dari upaya perlindungan menyeluruh. Dengan demikian, penerapan pengendalian tersebut menjadi bagian integral dalam menjaga keamanan dan keberlangsungan layanan sistem informasi organisasi. | C75: A.7.14 | F75: GT1: Pembuangan atau penggunaan kembali peralatan secara aman | GT2: No Value
A76: Q75 | B76: Dalam rangka memenuhi persyaratan keamanan informasi organisasi, diperlukan pelaksanaan pemeliharaan peralatan yang memadai pada seluruh aspek operasional yang terkait. Pelaksanaannya mencakup serangkaian prosedur yang dirancang untuk meminimalkan risiko keamanan informasi. Dalam hubungannya dengan hal tersebut, organisasi wajib memastikan bahwa keamanan pengkabelan dilakukan secara konsisten dan terukur. Dalam aspek terkait, utilitas pendukung juga perlu mendapat perhatian sebagai bagian dari upaya perlindungan menyeluruh. Dengan penerapan pengendalian yang konsisten, organisasi dapat memastikan bahwa keamanan informasi terjaga sesuai dengan standar yang ditetapkan. | C76: A.7.13 | D76: A.7.12 | E76: A.7.11 | F76: GT1: Pemeliharaan peralatan | GT2: Keamanan pengkabelan | GT3: Utilitas pendukung
A77: Q76 | B77: Dalam konteks pengelolaan keamanan informasi organisasi, organisasi wajib menerapkan media penyimpanan sesuai dengan ketentuan dan standar yang berlaku. Pelaksanaannya mencakup serangkaian prosedur yang dirancang untuk meminimalkan risiko keamanan informasi. Di samping itu, perimeter keamanan fisik harus dilaksanakan secara sistematis sebagai bagian dari kerangka pengendalian internal. Pengendalian tersebut perlu didukung oleh komitmen seluruh unit kerja serta didokumentasikan dalam bentuk prosedur yang dapat ditinjau secara berkala. | C77: A.7.10 | D77: A.7.1 | F77: GT1: Media penyimpanan | GT2: Perimeter keamanan fisik | GT3: No Value
A78: Q77 | B78: Dalam rangka memenuhi persyaratan keamanan informasi organisasi, organisasi wajib menerapkan pelaporan peristiwa keamanan informasi yang memadai pada seluruh aspek operasional yang terkait. Pelaksanaannya mencakup serangkaian prosedur yang dirancang untuk meminimalkan risiko keamanan informasi. Dengan penerapan pengendalian yang konsisten, organisasi dapat memastikan bahwa keamanan informasi terjaga sesuai dengan standar yang ditetapkan. | C78: A.6.8 | F78: GT1: Pelaporan peristiwa keamanan informasi | GT2: No Value
A79: Q78 | B79: Dalam kerangka tata kelola keamanan informasi yang baik, diperlukan penerapan perjanjian kerahasiaan atau non-disclosure secara konsisten dan berkesinambungan. Kegiatan ini meliputi memastikan kerahasiaan informasi melalui perjanjian formal sebagai bagian dari upaya perlindungan menyeluruh. Dalam konteks yang lebih luas, pelaksanaan tanggung jawab setelah pemutusan atau perubahan hubungan kerja menjadi esensial dalam menjamin efektivitas pengendalian keamanan informasi. Pada dimensi lain, syarat dan ketentuan ketenagakerjaan juga merupakan komponen penting yang harus diperhatikan dalam kerangka keamanan informasi. Hal ini sejalan dengan kebutuhan organisasi dalam memastikan bahwa seluruh aspek keamanan informasi dikelola secara sistematis dan terdokumentasi dengan baik. | C79: A.6.6 | D79: A.6.5 | E79: A.6.2 | F79: GT1: Perjanjian kerahasiaan atau non-disclosure | GT2: Tanggung jawab setelah pemutusan atau perubahan hubungan kerja | GT3: Syarat dan ketentuan ketenagakerjaan
A80: Q79 | B80: Guna menunjang keamanan dan keandalan sistem informasi organisasi, organisasi perlu menyelenggarakan proses pendisiplinan sesuai dengan ketentuan dan standar yang berlaku. Kegiatan ini meliputi memastikan tindakan disiplin yang tepat terhadap pelanggaran keamanan informasi sebagai bagian dari upaya perlindungan menyeluruh. Dalam konteks yang lebih luas, pelaksanaan kesadaran, pendidikan, dan pelatihan keamanan informasi menjadi esensial dalam menjamin efektivitas pengendalian keamanan informasi. Oleh karena itu, pengendalian tersebut harus menjadi perhatian utama dalam kerangka manajemen risiko keamanan informasi organisasi. | C80: A.6.4 | D80: A.6.3 | F80: GT1: Proses pendisiplinan | GT2: Kesadaran, pendidikan, dan pelatihan keamanan informasi | GT3: No Value
A81: Q80 | B81: Dalam upaya mewujudkan pengelolaan keamanan informasi yang komprehensif, diperlukan penerapan inventarisasi informasi dan aset terkait lainnya yang memadai pada seluruh aspek operasional yang terkait. Pelaksanaan inventarisasi informasi dan aset terkait lainnya tersebut harus mencakup langkah-langkah preventif dan detektif yang terstruktur. Oleh karena itu, pengendalian tersebut harus menjadi perhatian utama dalam kerangka manajemen risiko keamanan informasi organisasi. | C81: A.5.9 | F81: GT1: Inventarisasi informasi dan aset terkait lainnya | GT2: No Value
A82: Q81 | B82: Guna menunjang keamanan dan keandalan sistem informasi organisasi, organisasi wajib menyelenggarakan keamanan informasi dalam manajemen proyek sesuai dengan ketentuan dan standar yang berlaku. Pelaksanaan keamanan informasi dalam manajemen proyek tersebut harus mencakup langkah-langkah preventif dan detektif yang terstruktur. Dalam konteks yang lebih luas, pelaksanaan penggunaan informasi dan aset terkait yang dapat diterima menjadi esensial dalam menjamin efektivitas pengendalian keamanan informasi. Dalam aspek terkait, pengembalian aset juga perlu mendapat perhatian sebagai bagian dari upaya perlindungan menyeluruh. Pengendalian tersebut perlu didukung oleh komitmen seluruh unit kerja serta didokumentasikan dalam bentuk prosedur yang dapat ditinjau secara berkala. | C82: A.5.8 | D82: A.5.10 | E82: A.5.11 | F82: GT1: Keamanan informasi dalam manajemen proyek | GT2: Penggunaan informasi dan aset terkait yang dapat diterima | GT3: Pengembalian aset
A83: Q82 | B83: Guna menunjang keamanan dan keandalan sistem informasi organisasi, diperlukan pengelolaan intelijen ancaman secara konsisten dan berkesinambungan. Pelaksanaan intelijen ancaman tersebut harus mencakup langkah-langkah preventif dan detektif yang terstruktur. Lebih lanjut, pelaksanaan kontak dengan kelompok kepentingan khusus menjadi esensial dalam menjamin efektivitas pengendalian keamanan informasi. Dengan penerapan pengendalian yang konsisten, organisasi dapat memastikan bahwa keamanan informasi terjaga sesuai dengan standar yang ditetapkan. | C83: A.5.7 | D83: A.5.6 | F83: GT1: Intelijen ancaman | GT2: Kontak dengan kelompok kepentingan khusus | GT3: No Value
A84: Q83 | B84: Guna menunjang keamanan dan keandalan sistem informasi organisasi, organisasi wajib menerapkan kontak dengan otoritas yang memadai pada seluruh aspek operasional yang terkait. Kegiatan ini meliputi memelihara kontak yang sesuai dengan otoritas yang relevan sebagai bagian dari upaya perlindungan menyeluruh. Pengendalian tersebut perlu didukung oleh komitmen seluruh unit kerja serta didokumentasikan dalam bentuk prosedur yang dapat ditinjau secara berkala. | C84: A.5.5 | F84: GT1: Kontak dengan otoritas | GT2: No Value
A85: Q84 | B85: Sebagai bagian dari upaya menjaga integritas dan keamanan sistem informasi, organisasi perlu menyelenggarakan tanggung jawab manajemen secara konsisten dan berkesinambungan. Mekanisme tersebut mencakup memastikan manajemen mengharuskan seluruh personel menerapkan keamanan informasi sesuai kebijakan dan prosedur yang ditetapkan serta pengendalian terhadap potensi risiko yang dapat mengganggu operasional. Dalam hubungannya dengan hal tersebut, pelaksanaan peran dan tanggung jawab keamanan informasi menjadi esensial dalam menjamin efektivitas pengendalian keamanan informasi. Selain hal tersebut, pelaksanaan kebijakan keamanan informasi perlu diintegrasikan ke dalam kerangka pengendalian yang telah ditetapkan. Implementasi pengendalian ini diharapkan mampu mengurangi risiko keamanan informasi serta meningkatkan kesiapan organisasi dalam menghadapi ancaman siber. | C85: A.5.4 | D85: A.5.2 | E85: A.5.1 | F85: GT1: Tanggung jawab manajemen | GT2: Peran dan tanggung jawab keamanan informasi | GT3: Kebijakan keamanan informasi
A86: Q85 | B86: Sebagai bagian dari upaya menjaga integritas dan keamanan sistem informasi, diperlukan pelaksanaan prosedur operasional yang didokumentasikan secara konsisten dan berkesinambungan. Mekanisme tersebut mencakup memastikan operasi fasilitas pemrosesan informasi dilakukan dengan benar dan aman serta pengendalian terhadap potensi risiko yang dapat mengganggu operasional. Selain itu, organisasi perlu menyelenggarakan tinjauan independen keamanan informasi secara berkelanjutan untuk mendukung keberlangsungan operasional. Penerapan seluruh pengendalian tersebut secara terintegrasi diperlukan guna mencapai tingkat keamanan informasi yang memadai. | C86: A.5.37 | D86: A.5.35 | F86: GT1: Prosedur operasional yang didokumentasikan | GT2: Tinjauan independen keamanan informasi | GT3: No Value
A87: Q86 | B87: Dalam rangka memenuhi persyaratan keamanan informasi organisasi, perlu diimplementasikan kepatuhan terhadap kebijakan dan standar keamanan informasi yang memadai pada seluruh aspek operasional yang terkait. Pelaksanaannya mencakup serangkaian prosedur yang dirancang untuk meminimalkan risiko keamanan informasi. Pengendalian tersebut perlu didukung oleh komitmen seluruh unit kerja serta didokumentasikan dalam bentuk prosedur yang dapat ditinjau secara berkala. | C87: A.5.36 | F87: GT1: Kepatuhan terhadap kebijakan dan standar keamanan informasi | GT2: No Value
A88: Q87 | B88: Untuk memenuhi standar keamanan informasi yang berlaku, organisasi wajib menyelenggarakan privasi dan perlindungan data pribadi yang memadai pada seluruh aspek operasional yang terkait. Pelaksanaan privasi dan perlindungan data pribadi tersebut harus mencakup langkah-langkah preventif dan detektif yang terstruktur. Dalam konteks yang lebih luas, pelaksanaan hak kekayaan intelektual menjadi esensial dalam menjamin efektivitas pengendalian keamanan informasi. Pada dimensi lain, perlindungan catatan juga merupakan komponen penting yang harus diperhatikan dalam kerangka keamanan informasi. Dengan demikian, penerapan pengendalian tersebut menjadi bagian integral dalam menjaga keamanan dan keberlangsungan layanan sistem informasi organisasi. | C88: A.5.34 | D88: A.5.32 | E88: A.5.33 | F88: GT1: Privasi dan perlindungan data pribadi | GT2: Hak kekayaan intelektual | GT3: Perlindungan catatan
A89: Q88 | B89: Sebagai bagian dari upaya menjaga integritas dan keamanan sistem informasi, organisasi perlu menyelenggarakan identifikasi persyaratan hukum, perundang-undangan, regulasi, dan kontraktual sesuai dengan ketentuan dan standar yang berlaku. Kegiatan ini meliputi memastikan kepatuhan terhadap persyaratan hukum dan regulasi yang berlaku sebagai bagian dari upaya perlindungan menyeluruh. Selanjutnya, organisasi perlu menyelenggarakan kesiapan tik untuk kelangsungan bisnis secara berkelanjutan untuk mendukung keberlangsungan operasional. Penerapan seluruh pengendalian tersebut secara terintegrasi diperlukan guna mencapai tingkat keamanan informasi yang memadai. | C89: A.5.31 | D89: A.5.30 | F89: GT1: Identifikasi persyaratan hukum, perundang-undangan, regulasi, dan kontraktual | GT2: Kesiapan TIK untuk kelangsungan bisnis | GT3: No Value
A90: Q89 | B90: Dalam konteks pengelolaan keamanan informasi organisasi, diperlukan penerapan mekanisme pemisahan tugas sesuai dengan ketentuan dan standar yang berlaku. Pelaksanaan pemisahan tugas tersebut harus mencakup langkah-langkah preventif dan detektif yang terstruktur. Hal ini sejalan dengan kebutuhan organisasi dalam memastikan bahwa seluruh aspek keamanan informasi dikelola secara sistematis dan terdokumentasi dengan baik. | C90: A.5.3 | F90: GT1: Pemisahan tugas | GT2: No Value
A91: Q90 | B91: Dalam rangka menjamin keamanan sistem informasi di lingkungan organisasi, organisasi perlu menyelenggarakan pengumpulan bukti secara konsisten dan berkesinambungan. Mekanisme tersebut mencakup memastikan pengumpulan dan pelestarian bukti yang tepat terkait insiden keamanan informasi serta pengendalian terhadap potensi risiko yang dapat mengganggu operasional. Terkait dengan upaya tersebut, respons terhadap insiden keamanan informasi harus dilaksanakan secara sistematis sebagai bagian dari kerangka pengendalian internal. Dalam aspek terkait, penilaian dan keputusan tentang peristiwa keamanan informasi juga perlu mendapat perhatian sebagai bagian dari upaya perlindungan menyeluruh. Hal ini sejalan dengan kebutuhan organisasi dalam memastikan bahwa seluruh aspek keamanan informasi dikelola secara sistematis dan terdokumentasi dengan baik. | C91: A.5.28 | D91: A.5.26 | E91: A.5.25 | F91: GT1: Pengumpulan bukti | GT2: Respons terhadap insiden keamanan informasi | GT3: Penilaian dan keputusan tentang peristiwa keamanan informasi
A92: Q91 | B92: Guna menunjang keamanan dan keandalan sistem informasi organisasi, diperlukan pelaksanaan pembelajaran dari insiden keamanan informasi yang memadai pada seluruh aspek operasional yang terkait. Kegiatan ini meliputi menggunakan pengetahuan dari insiden keamanan informasi untuk memperkuat pengendalian sebagai bagian dari upaya perlindungan menyeluruh. Pada aspek lain, diperlukan penerapan keamanan informasi selama gangguan yang terstruktur dan terdokumentasi dengan baik. Penerapan seluruh pengendalian tersebut secara terintegrasi diperlukan guna mencapai tingkat keamanan informasi yang memadai. | C92: A.5.27 | D92: A.5.29 | F92: GT1: Pembelajaran dari insiden keamanan informasi | GT2: Keamanan informasi selama gangguan | GT3: No Value
A93: Q92 | B93: Dalam kerangka tata kelola keamanan informasi yang baik, diperlukan pengelolaan perencanaan dan persiapan pengelolaan insiden keamanan informasi sesuai dengan ketentuan dan standar yang berlaku. Kegiatan ini meliputi memastikan pendekatan yang konsisten dan efektif untuk pengelolaan insiden keamanan informasi sebagai bagian dari upaya perlindungan menyeluruh. Penerapan seluruh pengendalian tersebut secara terintegrasi diperlukan guna mencapai tingkat keamanan informasi yang memadai. | C93: A.5.24 | F93: GT1: Perencanaan dan persiapan pengelolaan insiden keamanan informasi | GT2: No Value
A94: Q93 | B94: Dalam rangka memenuhi persyaratan keamanan informasi organisasi, harus dilaksanakan keamanan informasi untuk penggunaan layanan cloud secara konsisten dan berkesinambungan. Mekanisme tersebut mencakup memastikan keamanan informasi dalam penggunaan layanan komputasi awan serta pengendalian terhadap potensi risiko yang dapat mengganggu operasional. Terkait dengan upaya tersebut, keamanan informasi dalam hubungan dengan pemasok harus dilaksanakan secara sistematis sebagai bagian dari kerangka pengendalian internal. Pada dimensi lain, pengelolaan keamanan informasi dalam rantai pasokan tik juga merupakan komponen penting yang harus diperhatikan dalam kerangka keamanan informasi. Penerapan seluruh pengendalian tersebut secara terintegrasi diperlukan guna mencapai tingkat keamanan informasi yang memadai. | C94: A.5.23 | D94: A.5.19 | E94: A.5.21 | F94: GT1: Keamanan informasi untuk penggunaan layanan cloud | GT2: Keamanan informasi dalam hubungan dengan pemasok | GT3: Pengelolaan keamanan informasi dalam rantai pasokan TIK
A95: Q94 | B95: Sebagai bagian dari upaya menjaga integritas dan keamanan sistem informasi, diperlukan penerapan mekanisme pemantauan, peninjauan, dan pengelolaan perubahan layanan pemasok secara konsisten dan berkesinambungan. Pelaksanaannya mencakup serangkaian prosedur yang dirancang untuk meminimalkan risiko keamanan informasi. Terkait dengan upaya tersebut, keamanan informasi dalam perjanjian pemasok harus dilaksanakan secara sistematis sebagai bagian dari kerangka pengendalian internal. Pengendalian tersebut perlu didukung oleh komitmen seluruh unit kerja serta didokumentasikan dalam bentuk prosedur yang dapat ditinjau secara berkala. | C95: A.5.22 | D95: A.5.20 | F95: GT1: Pemantauan, peninjauan, dan pengelolaan perubahan layanan pemasok | GT2: Keamanan informasi dalam perjanjian pemasok | GT3: No Value
A96: Q95 | B96: Dalam kerangka tata kelola keamanan informasi yang baik, diperlukan penerapan hak akses yang memadai pada seluruh aspek operasional yang terkait. Pelaksanaan hak akses tersebut harus mencakup langkah-langkah preventif dan detektif yang terstruktur. Penerapan seluruh pengendalian tersebut secara terintegrasi diperlukan guna mencapai tingkat keamanan informasi yang memadai. | C96: A.5.18 | F96: GT1: Hak akses | GT2: No Value
A97: Q96 | B97: Dalam konteks pengelolaan keamanan informasi organisasi, organisasi wajib menerapkan informasi autentikasi yang memadai pada seluruh aspek operasional yang terkait. Pelaksanaannya mencakup serangkaian prosedur yang dirancang untuk meminimalkan risiko keamanan informasi. Berkaitan dengan aspek tersebut, manajemen identitas harus dilaksanakan secara sistematis sebagai bagian dari kerangka pengendalian internal. Dalam aspek terkait, pengendalian akses juga perlu mendapat perhatian sebagai bagian dari upaya perlindungan menyeluruh. Dengan demikian, penerapan pengendalian tersebut menjadi bagian integral dalam menjaga keamanan dan keberlangsungan layanan sistem informasi organisasi. | C97: A.5.17 | D97: A.5.16 | E97: A.5.15 | F97: GT1: Informasi autentikasi | GT2: Manajemen identitas | GT3: Pengendalian akses
A98: Q97 | B98: Untuk memenuhi standar keamanan informasi yang berlaku, perlu dilakukan transfer informasi secara konsisten dan berkesinambungan. Kegiatan ini meliputi memastikan keamanan informasi yang ditransfer dalam organisasi dan dengan pihak eksternal sebagai bagian dari upaya perlindungan menyeluruh. Selain itu, diperlukan penerapan pelabelan informasi yang terstruktur dan terdokumentasi dengan baik. Dengan penerapan pengendalian yang konsisten, organisasi dapat memastikan bahwa keamanan informasi terjaga sesuai dengan standar yang ditetapkan. | C98: A.5.14 | D98: A.5.13 | F98: GT1: Transfer informasi | GT2: Pelabelan informasi | GT3: No Value
A99: Q98 | B99: Untuk mendukung keberlangsungan operasional sistem informasi yang aman, organisasi wajib menerapkan klasifikasi informasi yang memadai pada seluruh aspek operasional yang terkait. Mekanisme tersebut mencakup memastikan informasi menerima tingkat perlindungan yang sesuai dengan pentingnya bagi organisasi serta pengendalian terhadap potensi risiko yang dapat mengganggu operasional. Penerapan seluruh pengendalian tersebut secara terintegrasi diperlukan guna mencapai tingkat keamanan informasi yang memadai. | C99: A.5.12 | F99: GT1: Klasifikasi informasi | GT2: No Value
A100: Q99 | B100: Dalam kerangka tata kelola keamanan informasi yang baik, organisasi wajib menerapkan penyaringan yang memadai pada seluruh aspek operasional yang terkait. Kegiatan ini meliputi memastikan karyawan dan kontraktor memenuhi persyaratan keamanan sebelum dipekerjakan sebagai bagian dari upaya perlindungan menyeluruh. Di samping itu, kesadaran, pendidikan, dan pelatihan keamanan informasi harus dilaksanakan secara sistematis sebagai bagian dari kerangka pengendalian internal. Selain hal tersebut, pelaksanaan syarat dan ketentuan ketenagakerjaan perlu diintegrasikan ke dalam kerangka pengendalian yang telah ditetapkan. Dengan demikian, penerapan pengendalian tersebut menjadi bagian integral dalam menjaga keamanan dan keberlangsungan layanan sistem informasi organisasi. | C100: A.6.1 | D100: A.6.3 | E100: A.6.2 | F100: GT1: Penyaringan | GT2: Kesadaran, pendidikan, dan pelatihan keamanan informasi | GT3: Syarat dan ketentuan ketenagakerjaan
...

Sheet Implicit Short
A1: query_id | B1: query | C1: ground_truth_ranked_1 | D1: ground_truth_ranked_2 | E1: ground_truth_ranked_3 | F1: Explanation Reasoning
A2: Q1 | B2: DTI mendeteksi beberapa komputer di fakultas yang terinfeksi setelah staf mengunduh lampiran email mencurigakan, namun tim keamanan tidak memiliki log aktivitas jaringan untuk melacak sejauh mana penyebarannya ke sistem lain di universitas. | C2: A.8.7 | D2: A.8.16 | F2: A.8.7 — Perlindungan terhadap malware A.8.16 — Aktivitas pemantauan GT3: No Value
A3: Q2 | B3: Sistem informasi akademik yang baru dikembangkan DTI belum memiliki mekanisme validasi input yang memadai untuk mencegah injeksi data berbahaya, sementara tim pengembang masih menunggu panduan resmi tentang standar keamanan yang harus diterapkan. Fitur autentikasi dua faktor belum terintegrasi dalam portal layanan mahasiswa meskipun sistem tersebut sudah menyimpan data pribadi dan rekam akademik ribuan mahasiswa. Dokumen teknis sistem juga tidak mencantumkan spesifikasi keamanan yang jelas terkait perlindungan data sensitif mahasiswa saat diakses melalui jaringan publik. | C3: A.8.26 | F3: A.8.26 — Persyaratan keamanan aplikasi GT2: No Value GT3: No Value
A4: Q3 | B4: Satu-satunya pintu masuk ke gedung Rektorat tidak memiliki pos penjagaan atau sistem pencatatan tamu, memungkinkan siapa saja masuk tanpa verifikasi. Ruang server DTI menggunakan kabel jaringan yang tergantung terbuka di koridor tanpa proteksi pipa atau duct. Kontrak kerjasama dengan penyedia layanan SIAKAD tidak memuat klausul tentang perlindungan data akademik dan tanggung jawab keamanan informasi. | C4: A.7.2 | D4: A.7.12 | E4: A.5.20 | F4: A.7.2 — Kontrol masuk fisik A.7.12 — Keamanan pengkabelan A.5.20 — Keamanan informasi dalam perjanjian pemasok
A5: Q4 | B5: DTI baru saja menyeleksi dan memverifikasi rekam jejak calon mitra pengembangan sistem akademik yang akan diberi akses ke lingkungan produksi universitas. Direktorat Sistem Informasi telah menerbitkan dokumen kebijakan yang mengatur standar perlindungan informasi dan keamanan teknologi informasi seluruh unit kerja. Kebijakan tersebut menjadi dasar pengambilan keputusan bagi seluruh pimpinan fakultas dan biro dalam menentukan arah perlindungan aset digital di lingkungan kampus. | C5: A.6.1 | D5: A.5.1 | F5: A.6.1 — Penyaringan A.5.1 — Kebijakan keamanan informasi GT3: No Value
A6: Q5 | B6: Saat terjadi pemadaman listrik total di gedung rektorat, staf Direktorat TIK membutuhkan akses darurat ke server pusat untuk memastikan kelangsungan layanan akademik tetap berjalan. Prosedur manual yang saat ini tersedia belum mencakup panduan terperinci tentang cara mengamankan data sensitif mahasiswa ketika sistem utama tidak dapat diakses. | C6: A.5.29 | F6: A.5.29 — Keamanan informasi selama gangguan GT2: No Value GT3: No Value
A7: Q6 | B7: Sistem informasi akademik yang berisi data nilai mahasiswa belum tercatat dalam daftar aset informasi resmi universitas, sehingga sulit dilakukan pelacakan ketika terjadi insiden kebocoran data. Staf pengajar yang pindah ke fakultas lain masih menyimpan file materi kuliah dan rekam mahasiswa bimbingan di perangkat pribadi tanpa adanya prosedur formal pengembalian atau penghapusan data institusi. Aplikasi portal keuangan mahasiswa diakses oleh petugas yang tidak memiliki kewenangan karena belum ada pembatasan penggunaan yang jelas terhadap informasi sensitif tersebut. | C7: A.5.10 | D7: A.5.11 | E7: A.5.9 | F7: A.5.10 — Penggunaan informasi dan aset terkait yang dapat diterima A.5.11 — Pengembalian aset A.5.9 — Inventarisasi informasi dan aset terkait lainnya
A8: Q7 | B8: DTI menemukan bahwa beberapa server di lingkungan fakultas masih menjalankan versi sistem operasi yang sudah tidak didukung vendor dan belum menerapkan patch keamanan terbaru. Hasil scanning rutin menunjukkan adanya perangkat endpoint yang terinfeksi perangkat perusak karena pengaturan antivirus belum dikonfigurasi secara terpusat untuk melakukan update definisi virus secara otomatis. Kondisi ini mengakibatkan perbedaan baseline keamanan antar server serta meningkatnya risiko serangan terhadap infrastruktur jaringan kampus. | C8: A.8.9 | D8: A.8.7 | F8: A.8.9 — Manajemen konfigurasi A.8.7 — Perlindungan terhadap malware GT3: No Value
A9: Q8 | B9: Selama pemeriksaan rutin terhadap infrastruktur sistem informasi di lingkungan universitas, tim teknis menemukan beberapa celah keamanan pada server aplikasi akademik yang belum ditambal sejak bulan lalu. Perlu ditetapkan prosedur baku untuk melakukan pemindaian berkala, identifikasi celah keamanan, dan pemasangan pembaruan keamanan secara terjadwal guna mencegah potensi serangan siber. | C9: A.8.8 | F9: A.8.8 — Manajemen kerentanan teknis GT2: No Value GT3: No Value
A10: Q9 | B10: Sistem informasi akademik fakultas mengalami penurunan performa signifikan ketika 5.000 mahasiswa mengakses KRS secara bersamaan, sementara pengembang aplikasi masih mempraktikkan hardcoding kredensial database langsung di file konfigurasi yang disimpan di repository publik tanpa enkripsi, dan proses login dosen masih mengizinkan akses tanpa verifikasi dua faktor meskipun mereka dapat mengakses nilai dan data pribadi ribuan mahasiswa. | C10: A.8.6 | D10: A.8.4 | E10: A.8.5 | F10: A.8.6 — Manajemen kapasitas A.8.4 — Akses ke kode sumber A.8.5 — Autentikasi yang aman
A11: Q10 | B11: Tim audit internal memerlukan akses ke lingkungan produksi sistem akademik untuk melakukan verifikasi kelengkapan data mahasiswa, namun prosedur saat ini belum mengatur mekanisme perlindungan data selama pengujian berlangsung. Insiden terakhir menunjukkan bahwa data uji yang digunakan selama simulasi audit masih mencakup informasi riil mahasiswa aktif tanpa pemisahan yang memadai. | C11: A.8.34 | D11: A.8.33 | F11: A.8.34 — Perlindungan sistem informasi selama pengujian audit A.8.33 — Informasi pengujian GT3: No Value
A12: Q11 | B12: Sistem informasi akademik mengalami downtime selama 6 jam setelah tim DTI melakukan migrasi server tanpa adanya dokumentasi rencana implementasi dan uji coba terlebih dahulu. Beberapa fakultas mengeluhkan proses registrasi ulang terganggu karena perubahan konfigurasi basis data dilakukan secara mendadak tanpa koordinasi dengan pemangku kepentingan terkait. | C12: A.8.32 | F12: A.8.32 — Manajemen perubahan GT2: No Value GT3: No Value
A13: Q12 | B13: Tim pengembang sistem akademik universitas baru menyadari bahwa selama ini modul fitur langsung diterapkan ke lingkungan utama tanpa melalui tahap uji coba terpisah, sementara akses administrator ke program utilitas sistem belum dicatat dalam log aktivitas dan pemasangan aplikasi pendukung masih dilakukan tanpa prosedur persetujuan formal dari Direktorat TIK. | C13: A.8.31 | D13: A.8.19 | E13: A.8.18 | F13: A.8.31 — Pemisahan lingkungan pengembangan, pengujian, dan produksi A.8.19 — Instalasi perangkat lunak pada sistem operasional A.8.18 — Penggunaan program utilitas istimewa
A14: Q13 | B14: Sistem informasi akademik yang dikelola oleh DTI dikembangkan melalui kontrak dengan vendor pihak ketiga, namun belum terdapat mekanisme formal untuk memverifikasi kepatuhan vendor terhadap standar keamanan siber universitas selama masa pengembangan. Proses pembangunan aplikasi berlangsung tanpa tahapan pengujian keamanan yang terstruktur mulai dari desain hingga implementasi, sehingga potensi kerentanan sistem baru tidak teridentifikasi sebelum digunakan di lingkungan produksi. | C14: A.8.30 | D14: A.8.25 | F14: A.8.30 — Pengembangan yang dialihdayakan A.8.25 — Siklus hidup pengembangan yang aman GT3: No Value
A15: Q14 | B15: Sistem informasi keuangan universitas masih dapat diakses oleh seluruh staf administrasi tanpa pembatasan berdasarkan kebutuhan tugas, sehingga memungkinkan pegawai non-keuangan melihat data anggaran dan rincian pengeluaran seluruh unit kerja. Dokumen tender dan kontrak vendor yang tersimpan di server pusat bisa diunduh oleh siapa saja yang memiliki jaringan kampus tanpa mekanisme otorisasi khusus. Laporan keuangan yang bersifat rahasia sering dibagikan melalui grup WhatsApp resmi biro tanpa enkripsi atau perlindungan akses yang memadai. | C15: A.8.3 | F15: A.8.3 — Pembatasan akses informasi GT2: No Value GT3: No Value
A16: Q15 | B16: Saat DTI mengembangkan portal integrasi layanan akademik baru, tim pengembang belum melakukan verifikasi kerentanan sebelum aplikasi tersebut di-deploy ke lingkungan produksi. Desain arsitektur sistem juga belum mempertimbangkan pemisahan zona keamanan yang memadai antara modul keuangan dan data mahasiswa yang sensitif. Source code aplikasi e-learning masih ditemukan beberapa celah keamanan umum seperti hardcoded credentials dan tidak adanya validasi input yang ketat. | C16: A.8.29 | D16: A.8.27 | E16: A.8.28 | F16: A.8.29 — Pengujian keamanan dalam pengembangan dan penerimaan A.8.27 — Prinsip rekayasa dan arsitektur sistem yang aman A.8.28 — Pengkodean yang aman
A17: Q16 | B17: Sistem informasi akademik universitas menerapkan penyandian data transkrip nilai dan data keuangan mahasiswa sebelum disimpan dalam basis data serta dikirim melalui jaringan ke Direktorat Akademik. Selama pengembangan aplikasi portal layanan pendidikan baru, tim pengembang memastikan seluruh fitur login, validasi input, dan pengelolaan data sensitif telah memenuhi standar keamanan sesuai kebijakan institusi sebelum diimplementasikan di lingkungan produksi. | C17: A.8.24 | D17: A.8.26 | F17: A.8.24 — Penggunaan kriptografi A.8.26 — Persyaratan keamanan aplikasi GT3: No Value
A18: Q17 | B18: Pada periode semester genap 2023/2024, DTI Universitas Airlangga mencatat lonjakan trafik jaringan yang tidak wajar menuju kategori situs perjudian dan konten berbahaya selama jam operasional kampus. Tim IT mendeteksi bahwa 45% penggunaan bandwidth akademik tersita oleh aktivitas browsing yang tidak berkaitan dengan keperluan pendidikan, sehingga mengganggu stabilitas layanan e-learning dan sistem informasi akademik. | C18: A.8.23 | F18: A.8.23 — Penyaringan web GT2: No Value GT3: No Value
A19: Q18 | B19: Sistem akademik yang diakses mahasiswa berada di segmen jaringan yang terpisah dengan server database keuangan untuk mencegah penyebaran ancaman antar-area. DTI belum mengaktifkan pembatasan akses berdasarkan port dan protokol pada perangkat firewall yang menghubungkan jaringan kampus dengan internet. Layanan jaringan di fakultas masih berjalan tanpa konfigurasi enkripsi yang memadai untuk melindungi data sensitif selama transmisi antar-unit. | C19: A.8.22 | D19: A.8.20 | E19: A.8.21 | F19: A.8.22 — Pemisahan jaringan A.8.20 — Keamanan jaringan A.8.21 — Keamanan layanan jaringan
A20: Q19 | B20: Sistem informasi akademik di universitas masih mengizinkan administrator untuk memodifikasi nilai mahasiswa tanpa adanya persetujuan dua tahap dari pihak lain. Selain itu, tidak semua aktivitas login dan perubahan data yang dilakukan oleh administrator tersebut tercatat secara otomatis di sistem. Kondisi ini menyebabkan jejak audit hilang sehingga sulit dilakukan pelacakan jika terjadi penyimpangan pada data nilai mahasiswa. | C20: A.8.2 | D20: A.8.15 | F20: A.8.2 — Hak akses istimewa A.8.15 — Pencatatan log GT3: No Value
A21: Q20 | B21: Sistem informasi akademik dan aplikasi keuangan di lingkungan universitas menunjukkan perbedaan waktu pencatatan transaksi hingga mencapai beberapa menit, sehingga menyulitkan tim audit saat melakukan rekonsiliasi data antar sistem. Pada saat dilakukan investigasi insiden keamanan jaringan, ditemukan bahwa log aktivitas dari server berbeda memiliki timestamp yang tidak konsisten dan sulit dipastikan urutan kejadiannya.</arg_value>Selama audit sistem informasi akademik ditemukan selisih waktu lima belas menit antara server aplikasi dan database yang menyebabkan ketidaksesuaian pada timestamp log aktivitas mahasiswa saat proses registrasi online. | C21: A.8.17 | F21: A.8.17 — Sinkronisasi jam GT2: No Value GT3: No Value
A22: Q21 | B22: Saat server aplikasi di DTI mengalami kerusakan hardware dua bulan lalu, tim IT tidak dapat memulihkan layanan karena belum menyediakan server cadangan yang dapat berjalan segera setelah terjadi kegagalan. Setelah diperiksa lebih lanjut, data transaksi keuangan tiga bulan terakhir tidak dapat dikembalikan karena proses pencadangan otomatis belum diimplementasikan dengan jadwal yang teratur. Selain itu, ditemukan bahwa berkas rekam akademik mahasiswa yang telah lulus masih tersimpan di server produksi padahal sudah lebih dari lima tahun, tanpa ada prosedur penghapusan yang jelas. | C22: A.8.14 | D22: A.8.13 | E22: A.8.10 | F22: A.8.14 — Redundansi fasilitas pemrosesan informasi A.8.13 — Backup informasi A.8.10 — Penghapusan informasi
A23: Q22 | B23: DTI mendeteksi adanya upaya transfer data mahasiswa berupa file CSV yang tidak terenkripsi melalui aplikasi chatting pribadi oleh staf administrasi fakultas. Sementara itu, Direktorat Akademik menemukan bahwa basis data ujian online masih menampilkan nomor induk kependudukan dan nilai lengkap secara utuh tanpa masking kepada semua dosen penguji. | C23: A.8.12 | D23: A.8.11 | F23: A.8.12 — Pencegahan kebocoran data A.8.11 — Penyamaran data GT3: No Value
A24: Q23 | B24: DTI mencatat bahwa sebagian besar perangkat laptop dan PC milik staf administrasi serta dosen masih berjalan dengan sistem operasi Windows 7 yang tidak lagi mendapatkan dukungan pembaruan keamanan. Penggunaan perangkat kerja pribadi untuk mengakses portal akademik dan email institusi terus meningkat tanpa adanya standar konfigurasi keamanan yang jelas. Unit kerja juga belum memiliki kebijakan pelarangan penggunaan media penyimpanan data eksternal seperti flashdisk pada komputer laboratorium dan perangkat milik institusi. | C24: A.8.1 | F24: A.8.1 — Perangkat titik akhir pengguna GT2: No Value GT3: No Value
A25: Q24 | B25: Seorang dosen di Fakultas Teknik meninggalkan laptop institusi tanpa pengawasan di mobilnya yang terparkir di area publik selama menghadiri rapat koordinasi luar kampus, sementara staf administrasi di biro akademik masih sering menyimpan dokumen kontrak kerja sama dengan vendor berbasis kertas di atas meja kerja yang dapat diakses siapa saja yang lewal area resepsionis. | C25: A.7.9 | D25: A.7.8 | E25: A.7.7 | F25: A.7.9 — Keamanan aset di luar lokasi A.7.8 — Penempatan dan perlindungan peralatan A.7.7 — Meja bersih dan layar bersih
A26: Q25 | B26: Tim audit menemukan pintu masuk ruang server DTI yang sering dibiarkan terbuka tanpa pengawasan petugas keamanan, memungkinkan siapa saja leluasa masuk ke area penyimpanan perangkat IT. Selain itu, ruangan tersebut belum dilengkapi dengan sistem kunci elektronik maupun pencatatan digital untuk memantau siapa saja yang keluar masuk area sensitif tersebut. | C26: A.7.6 | D26: A.7.3 | F26: A.7.6 — Bekerja di area aman A.7.3 — Mengamankan kantor, ruangan, dan fasilitas GT3: No Value
A27: Q26 | B27: DTI melaporkan bahwa ruang server utama di gedung rektorat saat ini bersebelahan langsung dengan dapur katering dan jalur pipa air gedung, tanpa adanya detektor asap atau sistem pemadam kebakaran otomatis yang terpasang. Selain itu, panel listrik dan perangkat jaringan yang berada di lantai dasar gedung fakultas tidak memiliki pelindung waterproof meskipun lokasi tersebut sering tergenang air saat hujan deras. | C27: A.7.5 | F27: A.7.5 — Perlindungan terhadap ancaman fisik dan lingkungan GT2: No Value GT3: No Value
A28: Q27 | B28: Tim keamanan gedung melaporkan bahwa beberapa titik akses di area gedung rektorat dan fakultas sering ditemukan dalam kondisi tidak terkunci pada jam di luar jam operasional kampus. Kamera CCTV yang seharusnya memantau pergerakan di pintu masuk utama dan area parkir tidak berfungsi secara optimal sehingga kejadian-kejadian di luar jam kerja sulit untuk dideteksi. Pagar pembatas di sisi belakang area kampus yang berbatasan dengan jalan umum masih memiliki celah yang memungkinkan orang yang tidak berkepentingan dapat masuk ke lingkungan kampus tanpa melalui pos penjagaan. | C28: A.7.4 | D28: A.7.2 | E28: A.7.1 | F28: A.7.4 — Pemantauan keamanan fisik A.7.2 — Kontrol masuk fisik A.7.1 — Perimeter keamanan fisik
A29: Q28 | B29: DTI Universitas Negeri Malang akan memusnahkan 50 unit komputer desktop bekas dari laboratorium komputer yang telah mencapai masa pakai 7 tahun serta menghancurkan 25 hard disk eksternal yang menyimpan backup data keuangan tahun 2015-2020 karena sudah tidak digunakan lagi dalam operasional sistem informasi keuangan. Proses pemusnahan perangkat keras dan media penyimpanan ini memerlukan dokumentasi resmi yang disahkan oleh Kepala Biro Umum dan Kepala DTI untuk memastikan data sensitif di dalamnya tidak dapat dipulihkan atau disalahgunakan oleh pihak yang tidak bertanggung jawab. | C29: A.7.14 | D29: A.7.10 | F29: A.7.14 — Pembuangan atau penggunaan kembali peralatan secara aman A.7.10 — Media penyimpanan GT3: No Value
A30: Q29 | B30: DTI melaporkan bahwa tiga unit server di ruang server gedung A belum pernah dilakukan pembersihan debu dan pengecekan fisik sejak dioperasikan dua tahun lalu. Kondisi ini menyebabkan suhu perangatan meningkat dan muncul indikasi kerusakan pada kipas pendingin. Dokumentasi jadwal perawatan rutin untuk perangkat keras tersebut juga tidak tersedia di bagian inventaris. | C30: A.7.13 | F30: A.7.13 — Pemeliharaan peralatan GT2: No Value GT3: No Value
A31: Q30 | B31: DTI membutuhkan pemetaan jalur kabel jaringan dan dokumentasi utilitas pendukung di gedung pusat data untuk memastikan pemeliharaan infrastruktur dapat dilakukan dengan cepat saat terjadi gangguan. Tim teknis belum memiliki prosedur baku untuk mengantisipasi krisis akibat kegagalan sistem pendingin atau gangguan pasokan listrik yang berpotensi menghentikan layanan akademik dan administrasi secara menyeluruh. | C31: A.7.11 | D31: A.7.12 | E31: A.5.30 | F31: A.7.11 — Utilitas pendukung A.7.12 — Keamanan pengkabelan A.5.30 — Kesiapan TIK untuk kelangsungan bisnis
A32: Q31 | B32: Pada saat proses pengumuman hasil ujian skripsi secara online, sistem portal akademik mengalami gangguan teknis yang menyebabkan data nilai beberapa mahasiswa dapat diakses oleh pihak lain yang tidak berkepentingan. Petugas keamanan sistem baru melaporkan kejadian tersebut ke pimpinan fakultas dua hari setelah kejadian, sementara staf administrasi yang menangani data nilai tersebut belum menandatangani perjanjian tertulis mengenai kerahasiaan informasi akademik. | C32: A.6.8 | D32: A.6.6 | F32: A.6.8 — Pelaporan peristiwa keamanan informasi A.6.6 — Perjanjian kerahasiaan atau non-disclosure GT3: No Value
A33: Q32 | B33: Dalam beberapa bulan terakhir, DTI mencatat peningkatan signifikan jumlah dosen dan staf administrasi yang mengakses sistem akademik dan server universitas dari luar kampus menggunakan jaringan internet pribadi mereka. Namun, ditemukan bahwa tidak seluruh aktivitas penggunaan jaringan tersebut dilindungi dengan koneksi terenkripsi atau mekanisme keamanan yang memadai untuk menjaga kerahasiaan data institusi. | C33: A.6.7 | F33: A.6.7 — Bekerja jarak jauh GT2: No Value GT3: No Value
A34: Q33 | B34: Saat proses mutasi dan purna tugas pegawai di Direktorat SDM, DTI belum menerima pemberitahuan resmi untuk pencabutan akses ke sistem informasi keuangan dan portal akademik, sehingga mantan pegawai masih dapat login menggunakan akun institusi. Pada saat yang sama, kontrak kerja tenaga admin baru belum memuat kesepakatan tertulis mengenai kewajiban kerahasiaan terhadap data mahasiswa dan sanksi pelanggaran. Selain itu, unit kerja belum memiliki program pelatihan rutin tentang keamanan informasi bagi pegawai yang baru diangkat atau dipindah tugas. | C34: A.6.5 | D34: A.6.2 | E34: A.6.3 | F34: A.6.5 — Tanggung jawab setelah pemutusan atau perubahan hubungan kerja A.6.2 — Syarat dan ketentuan ketenagakerjaan A.6.3 — Kesadaran, pendidikan, dan pelatihan keamanan informasi
A35: Q34 | B35: Staf DTI yang mengakses data rekam akademik tanpa otorisasi untuk kepentingan pribadi hanya mendapatkan surat peringatan tertulis tanpa dijelaskan konsekuensi lanjutan dan tanpa pencatatan resmi di file kepegawaian. Selain itu, sistem rekrutmen tenaga teknis di fakultas belum memverifikasi kredensial akademik dan cek riwayat hukum sebelum diberikan akses ke sistem informasi keuangan dan data mahasiswa. | C35: A.6.4 | D35: A.6.1 | F35: A.6.4 — Proses pendisiplinan A.6.1 — Penyaringan GT3: No Value
A36: Q35 | B36: Pada pengembangan sistem informasi keuangan terpadu untuk seluruh fakultas, tim proyek belum menyertakan dokumen analisis risiko keamanan data dan daftar persyaratan keamanan informasi dalam setiap tahapan siklus hidup proyek. Kegiatan kick-off meeting juga tidak mengundang unit keamanan informasi untuk memberikan masukan terkait kontrol akses yang akan diterapkan pada sistem tersebut. | C36: A.5.8 | F36: A.5.8 — Keamanan informasi dalam manajemen proyek GT2: No Value GT3: No Value
A37: Q36 | B37: DTI perlu membangun kanal komunikasi formal dengan instansi penegak hukum dan lembaga siber nasional untuk mempercepat penanganan insiden kebocoran data mahasiswa. Tim keamanan informasi universitas juga harus rutin memantau laporan ancaman siber terbaru yang relevan dengan lingkungan pendidikan tinggi. Selain itu, perlu dibentuk forum koordinasi dengan institusi pendidikan lain dan asosiasi universitas untuk berbagi informasi terkait tren serangan yang sedang marak terjadi. | C37: A.5.7 | D37: A.5.6 | E37: A.5.5 | F37: A.5.7 — Intelijen ancaman A.5.6 — Kontak dengan kelompok kepentingan khusus A.5.5 — Kontak dengan otoritas
A38: Q37 | B38: Saat audit internal dilakukan terhadap sistem informasi akademik, tim auditor menemukan bahwa belum ada struktur organisasi yang jelas mengatur kewenangan dan pembagian tugas terkait pengelolaan keamanan data mahasiswa antara DTI , Direktorat Akademik, dan masing-masing fakultas. Wakil Rektor Bidang Sistem Informasi belum pernah secara resmi menetapkan dan mengkomunikasikan daftar peran serta tanggung jawab spesifik kepada setiap unit kerja terkait pelaksanaan kebijakan pengamanan informasi di lingkungan universitas. | C38: A.5.4 | D38: A.5.2 | F38: A.5.4 — Tanggung jawab manajemen A.5.2 — Peran dan tanggung jawab keamanan informasi GT3: No Value
A39: Q38 | B39: DTI belum memiliki panduan tertulis yang mengatur standar operasional perbaikan gangguan jaringan di setiap fakultas. Teknisi sering melakukan penanganan masalah berdasarkan pengalaman tanpa merujuk pada dokumen prosedur yang baku. Perbedaan cara penanganan antar petugas sering menimbulkan ketidakkonsistenan dalam pelayanan teknis. | C39: A.5.37 | F39: A.5.37 — Prosedur operasional yang didokumentasikan GT2: No Value GT3: No Value
A40: Q39 | B40: Selama audit internal semester ini, tim penilai eksternal menemukan bahwa beberapa unit kerja di DTI belum menerapkan seluruh ketentuan yang tercantum dalam kebijakan keamanan informasi universitas secara konsisten. Hasil evaluasi independen juga menunjukkan perlunya peningkatan perlindungan terhadap data pribadi mahasiswa yang tersimpan dalam portal akademik agar sesuai dengan standar privasi yang berlaku di perguruan tinggi. | C40: A.5.36 | D40: A.5.35 | E40: A.5.34 | F40: A.5.36 — Kepatuhan terhadap kebijakan dan standar keamanan informasi A.5.35 — Tinjauan independen keamanan informasi A.5.34 — Privasi dan perlindungan data pribadi
A41: Q40 | B41: Perpustakaan universitas memerlukan kebijakan yang jelas mengenai pengarsipan dan retensi bahan pustaka baik fisik maupun digital untuk memastikan keutuhan catatan historis institusi. LPPM dan fakultas perlu menegaskan mekanisme perlindungan hak cipta atas karya dosen dan penelitian mahasiswa sebelum dipublikasikan melalui repository institusi. Seluruh dokumen kegiatan akademik dan penelitian harus disimpan dengan sistem pencadangan terjadwal untuk mencegah kehilangan data permanen serta memastikan kepemilikan intelektual tetap terlindungi secara hukum. | C41: A.5.33 | D41: A.5.32 | F41: A.5.33 — Perlindungan catatan A.5.32 — Hak kekayaan intelektual GT3: No Value
A42: Q41 | B42: Saat ini DTI sedang menyusun daftar lengkap seluruh kewajiban kepatuhan yang harus dipenuhi universitas, termasuk peraturan pemerintah tentang perlindungan data pribadi dan standar keamanan informasi nasional. Tim juga perlu memetakan seluruh perjanjian kerjasama dengan vendor penyedia layanan cloud untuk memastikan seluruh klausul keamanan dan privasi telah dipenuhi secara konsisten. Direktorat Hukum meminta dokumentasi terbaru mengenai seluruh regulasi sektoral pendidikan tinggi yang berlaku untuk diintegrasikan dalam kebijakan keamanan informasi institusi. | C42: A.5.31 | F42: A.5.31 — Identifikasi persyaratan hukum, perundang-undangan, regulasi, dan kontraktual GT2: No Value GT3: No Value
A43: Q42 | B43: Saya akan mencari referensi terkait praktik terbaik penerapan kebijakan keamanan informasi di lingkungan perguruan tinggi Indonesia untuk memastikan konteks yang akurat.Dalam pengelolaan sistem informasi akademik, masih ditemukan satu staf yang memiliki kewenangan penuh untuk membuat user ID, mengatur hak akses, sekaligus melakukan approval transaksi keuangan mahasiswa tanpa mekanisme pemisahan tanggung jawab. Beberapa dokumen panduan internal belum memuat ketentuan eksplisit mengenai perlindungan informasi dan tingkat sensitivitasnya. Data yang tersimpan di server fakultas belum diberi label tingkat kerahasiaan sehingga siapa pun yang memiliki akses jaringan dapat mengunduh rekam akademik mahasiswa tanpa pembatasan berlapis. | C43: A.5.3 | D43: A.5.1 | E43: A.5.12 | F43: A.5.3 — Pemisahan tugas A.5.1 — Kebijakan keamanan informasi A.5.12 — Klasifikasi informasi
A44: Q43 | B44: Tim keamanan DTI menemukan adanya upaya login tidak sah ke sistem informasi akademik pada tengah malam dan langsung mengisolasi akun yang terdampak sambil memeriksa file log server untuk melacak alamat IP pelaku serta aktivitas yang dilakukan sebelum dan sesudah kejadian tersebut. Laporan temuan ini mencakup tangkapan layar aktivitas mencurigakan, rekaman jejak pengguna, dan dokumentasi langkah mitigasi yang telah diambil sebagai dasar penyelidikan lebih lanjut oleh satuan tugas penanganan insiden. | C44: A.5.28 | D44: A.5.26 | F44: A.5.28 — Pengumpulan bukti A.5.26 — Respons terhadap insiden keamanan informasi GT3: No Value
A45: Q44 | B45: Tim teknis DTI baru saja mengidentifikasi penyebab downtime layanan email yang berlangsung selama 4 jam, namun tidak ada dokumentasi resmi maupun sesi evaluasi yang diselenggarakan untuk mempelajari faktor kegagalan tersebut. Padahal insiden serupa pernah terjadi dua bulan lalu pada sistem yang sama tanpa adanya tindak lanjut atau perbaikan prosedur yang jelas.</think>Situasi pada bulan lalu menunjukkan bahwa ketika terjadi kebocoran data mahasiswa di portal akademik, universitas hanya melakukan perbaikan teknis tanpa membuat laporan analisis atau mengadakan rapat evaluasi untuk mengekstrak pelajaran dari peristiwa tersebut. | C45: A.5.27 | F45: A.5.27 — Pembelajaran dari insiden keamanan informasi GT2: No Value GT3: No Value
A46: Q45 | B46: Pada saat terjadi gangguan pada portal akademik, tim TIK tidak memiliki prosedur baku untuk menentukan tingkat keparahan insiden dan mengambil keputusan penanganan secara terstruktur. Setelah pihak penyedia layanan cloud melakukan pembaruan infrastruktur tanpa pemberitahuan sebelumnya, universitas belum memiliki mekanisme untuk memantau dan menilai dampak perubahan tersebut terhadap kelancaran layanan sistem informasi. | C46: A.5.25 | D46: A.5.24 | E46: A.5.22 | F46: A.5.25 — Penilaian dan keputusan tentang peristiwa keamanan informasi A.5.24 — Perencanaan dan persiapan pengelolaan insiden keamanan informasi A.5.22 — Pemantauan, peninjauan, dan pengelolaan perubahan layanan pemasok
A47: Q46 | B47: DTI berencana mengalihkan sistem portal akademik ke layanan cloud hosting eksternal untuk mengantisipasi keterbatasan kapasitas server internal, namun belum memiliki prosedur formal untuk mengevaluasi keamanan dan kepatuhan penyedia layanan tersebut. Selain itu, universitas belum menyusun perjanjian kerja sama yang mencantumkan kewajiban pemasok cloud dalam menjaga kerahasiaan data mahasiswa dan rekam akademik yang akan disimpan di infrastruktur pihak ketiga tersebut. | C47: A.5.23 | D47: A.5.19 | F47: A.5.23 — Keamanan informasi untuk penggunaan layanan cloud A.5.19 — Keamanan informasi dalam hubungan dengan pemasok GT3: No Value
A48: Q47 | B48: Direktorat TIK baru saja melakukan perpanjangan kontrak dengan penyedia layanan cloud hosting untuk sistem akademik universitas, namun tim keamanan informasi belum menerima dokumen audit keamanan dan sertifikasi kepatuhan standar dari vendor tersebut. Selain itu, dalam proses pengadaan lisensi software manajemen keuangan, panitia pengadaan tidak memasukkan klausul persyaratan keamanan data dan perlindungan informasi sensitif dalam draft perjanjian tingkat layanan dengan pihak ketiga. | C48: A.5.21 | F48: A.5.21 — Pengelolaan keamanan informasi dalam rantai pasokan TIK GT2: No Value GT3: No Value
A49: Q48 | B49: Sistem informasi keuangan kampus belum membedakan hak akses antara staf administratif dengan tenaga kontrak dari penyedia jasa pembayaran, sehingga masih terdapat akun dengan privilese berlebihan yang dapat mengakses data transaksi lintas periode anggaran. Perjanjian kerjasama dengan vendor pengelola portal pembayaran kuliah tidak mencantumkan ketentuan mengenai pembatasan akses dan kewajiban perlindungan data mahasiswa, sementara sistem internal belum memiliki mekanisme pencatatan yang jelas terkait siklus hidup akun pengguna dari pihak ketiga tersebut. | C49: A.5.18 | D49: A.5.16 | E49: A.5.20 | F49: A.5.18 — Hak akses A.5.16 — Manajemen identitas A.5.20 — Keamanan informasi dalam perjanjian pemasok
A50: Q49 | B50: Selama proses audit internal di DTI , ditemukan bahwa beberapa akun dosen dan staf kependudukan masih memiliki hak akses ke portal layanan akademik meskipun kontrak kerja mereka telah berakhir sejak dua bulan lalu. Tim keamanan siber juga mencatat adanya aktivitas login yang mencurigakan dari perangkat yang tidak dikenal yang mencoba mengakses rekam akademik mahasiswa menggunakan kredensial akun institusi yang masih aktif. | C50: A.5.17 | D50: A.5.15 | F50: A.5.17 — Informasi autentikasi A.5.15 — Pengendalian akses GT3: No Value
A51: Q50 | B51: DTI perlu mengirimkan data mahasiswa lulusan ke sistem PD-Dikti milik Kementerian Pendidikan setiap akhir periode wisuda melalui koneksi internet. Sebelum pengiriman dilakukan, data tersebut harus melalui proses enkripsi untuk mencegah kebocoran informasi selama perjalanan melalui jaringan publik. | C51: A.5.14 | F51: A.5.14 — Transfer informasi GT2: No Value GT3: No Value
A52: Q51 | B52: Direktorat TIK menemukan dokumen hasil rapat senat yang dibagikan melalui email tanpa tanda batasan tingkat kerahasiaannya sehingga berisiko diteruskan ke pihak yang tidak berwenang. Pada saat terjadi pemadaman listrik berkepanjangan, server tidak dapat dimatikan dengan prosedur shutdown yang aman sehingga berpotensi menyebabkan kerusakan data dan sistem operasi. Beberapa staf administrasi menggunakan perangkat komputer milik kampus untuk keperluan pribadi seperti mengakses media sosial dan mengunduh file hiburan selama jam kerja. | C52: A.5.13 | D52: A.5.10 | E52: A.5.29 | F52: A.5.13 — Pelabelan informasi A.5.10 — Penggunaan informasi dan aset terkait yang dapat diterima A.5.29 — Keamanan informasi selama gangguan
A53: Q52 | B53: Sistem monitoring jaringan di DTI belum mencatat log aktivitas akses secara real-time sehingga sulit mendeteksi anomala trafik data pada jam sibuk. Selain itu, terdapat ketidaktercocokan waktu antar server akademik yang menyebabkan rekam jejak aktivitas pengguna sulit dilacak secara kronologis. | C53: A.8.16 | D53: A.8.17 | F53: A.8.16 — Aktivitas pemantauan A.8.17 — Sinkronisasi jam GT3: No Value
A54: Q53 | B54: DTI mencatat adanya perbedaan versi aplikasi antara server development dan production yang belum terdokumentasi dengan baik dalam sistem inventaris, sehingga menyulitkan tim teknis saat melakukan rollback pasca insiden. Pembaruan konfigurasi pada jaringan fakultas dilakukan tanpa ada dokumentasi terkini yang menjelaskan perubahan parameter dari pengaturan sebelumnya, yang berpotensi menyebabkan ketidakkonsistenan lingkungan operasional. | C54: A.8.9 | F54: A.8.9 — Manajemen konfigurasi GT2: No Value GT3: No Value
A55: Q54 | B55: Tim DTI menemukan tiga server aplikasi akademik yang kapasitas penyimpanannya hampir penuh sementara pemantauan beban sistem belum memiliki ambang batas yang jelas. Selama pemeriksaan rutin, terdeteksi adanya program berbahaya pada workstation staf di bagian keuangan yang lolos dari filter keamanan karena antivirus belum diupdate selama tiga bulan terakhir. Analisis terhadap celah keamanan di lingkungan server menunjukkan masih adanya layanan yang belum dilakukan pembaruan patch keamanan meskipun perbaikan telah tersedia dari vendor. | C55: A.8.8 | D55: A.8.7 | E55: A.8.6 | F55: A.8.8 — Manajemen kerentanan teknis A.8.7 — Perlindungan terhadap malware A.8.6 — Manajemen kapasitas
A56: Q55 | B56: Sistem informasi keuangan di Direktorat Keuangan masih menggunakan kata sandi default untuk login administrator, sementara staf honorer non-keuangan memiliki akses penuh ke menu pembayaran gaji dosen tanpa ada batasan hak akses berdasarkan jabatan. Seluruh mahasiswa dapat mengunduh daftar nilai dan transkrip nilai teman angkatan melalui portal akademik tanpa perlu verifikasi identitas tambahan. Pusat data universitas mengizinkan akses jarak jauh ke server fakultas tanpa menggunakan autentikasi multi-faktor, sehingga siapa pun dengan koneksi jaringan kampus dapat mengakses basis data dosen dan pegawai. | C56: A.8.5 | D56: A.8.3 | F56: A.8.5 — Autentikasi yang aman A.8.3 — Pembatasan akses informasi GT3: No Value
A57: Q56 | B57: Sistem informasi akademik yang dikembangkan oleh tim pengembang internal di DTI mengalami kendala ketika salah satu programmer lulus dan meninggalkan kampus tanpa menyerahkan berkas program yang telah dimodifikasi. Manajemen universitas tidak memiliki repositori terpusat untuk menyimpan dan melacak perubahan skrip dasar aplikasi tersebut, sehingga memperbaiki error sistem menjadi sulit dilakukan. | C57: A.8.4 | F57: A.8.4 — Akses ke kode sumber GT2: No Value GT3: No Value
A58: Q57 | B58: Tim audit internal Universitas Indonesia melakukan simulasi serangan terhadap portal keuangan yang masih beroperasi di environment produksi tanpa memisahkan data dummy dari rekam jejak transaksi nyata. Fakultas Teknik meminta akses langsung ke sistem akademik yang sedang berjalan untuk keperluan validasi fitur, sehingga menimbulkan risiko tumpang tindih antara data mahasiswa asli dan data uji coba. DTI belum memiliki mekanisme formal untuk mengamankan sistem informasi dan menyembunyikan data sensitif ketika dilakukan aktivitas pengujian oleh tim auditor eksternal maupun pihak ketiga. | C58: A.8.34 | D58: A.8.33 | E58: A.8.31 | F58: A.8.34 — Perlindungan sistem informasi selama pengujian audit A.8.33 — Informasi pengujian A.8.31 — Pemisahan lingkungan pengembangan, pengujian, dan produksi
A59: Q58 | B59: Sistem informasi akademik universitas akan segera ditingkatkan ke versi terbaru untuk mendukung kebijakan Kampus Merdeka, namun tim internal DTI belum memiliki keahlian teknis yang memadai sehingga pengembangan modul pembelajaran daring dialihkan kepada vendor teknologi pendidikan yang berlokasi di Jakarta. Selama proses pengembangan eksternal berlangsung, pihak universitas belum mendefinisikan mekanisme formal untuk mengoordinasikan setiap perubahan fitur maupun melakukan verifikasi uji coba sebelum update sistem diimplementasikan ke lingkungan produksi yang digunakan ribuan mahasiswa. | C59: A.8.32 | D59: A.8.30 | F59: A.8.32 — Manajemen perubahan A.8.30 — Pengembangan yang dialihdayakan GT3: No Value
A60: Q59 | B60: Sistem informasi akademik yang baru dikembangkan oleh DTI langsung diimplementasikan di lingkungan produksi tanpa melalui tahap pemeriksaan celah keamanan maupun simulasi serangan siber untuk memastikan kerentanan aplikasi telah tertangani. | C60: A.8.29 | F60: A.8.29 — Pengujian keamanan dalam pengembangan dan penerimaan GT2: No Value GT3: No Value
A61: Q60 | B61: DTI mengembangkan sistem informasi akademik baru dengan menerapkan prinsip secure-by-design dan memastikan setiap modul hanya memiliki fungsi yang benar-benar diperlukan. Tim pengembang melakukan code review berkala untuk mengidentifikasi kerentanan SQL injection dan XSS sebelum aplikasi di-deploy ke lingkungan produksi. Spesifikasi keamanan termasuk perlindungan terhadap input berbahaya dan validasi data telah dituangkan dalam dokumen persyaratan sejak tahap perencanaan pengembangan. | C61: A.8.28 | D61: A.8.26 | E61: A.8.27 | F61: A.8.28 — Pengkodean yang aman A.8.26 — Persyaratan keamanan aplikasi A.8.27 — Prinsip rekayasa dan arsitektur sistem yang aman
A62: Q61 | B62: DTI sedang mengembangkan aplikasi integrasi data mahasiswa baru tanpa menerapkan tahapan pengujian keamanan yang memadai selama proses development, sementara data pribadi mahasiswa dan dosen yang tersimpan di basis data masih dalam format teks biasa tanpa enkripsi. Pada saat yang sama, sistem portal akademik menggunakan protokol komunikasi yang belum dilindungi dengan mekanisme kriptografi yang kuat sehingga rawan terhadap penyadapan informasi sensitif. | C62: A.8.25 | D62: A.8.24 | F62: A.8.25 — Siklus hidup pengembangan yang aman A.8.24 — Penggunaan kriptografi GT3: No Value
A63: Q62 | B63: Dalam beberapa bulan terakhir, Unit Pelaksana Teknologi Informasi dan Komunikasi (DTI ) mendapatkan laporan dari dosen dan mahasiswa tentang akses tidak sengaja ke situs berbahaya ketika menggunakan jaringan kampus. Sejauh ini, institusi belum memiliki mekanisme untuk memblokir atau memfilter situs yang mengandung konten phishing, perjudian, dan malware tersebut. | C63: A.8.23 | F63: A.8.23 — Penyaringan web GT2: No Value GT3: No Value
A64: Q63 | B64: Sistem keuangan dan layanan akademik fakultas saat ini berada pada segmen jaringan yang sama tanpa pembatasan akses antar-segmen. Tim teknis sering menggunakan tools administratif dengan hak akses penuh untuk pemeliharaan server tanpa pencatatan khusus penggunaannya. Firewall perimeter belum memiliki konfigurasi yang memadai untuk memfilter lalu lintas masuk dan keluar antar zona jaringan kampus. | C64: A.8.22 | D64: A.8.20 | E64: A.8.18 | F64: A.8.22 — Pemisahan jaringan A.8.20 — Keamanan jaringan A.8.18 — Penggunaan program utilitas istimewa
A65: Q64 | B65: DTI perlu melakukan pemeliharaan jaringan kampus yang aman dengan memastikan konfigurasi keamanan sesuai standar sebelum layanan dioperasikan. Tim server juga harus menerapkan prosedur resmi untuk instalasi perangkat lunak pada sistem produksi guna mencegah kerentanan akibat software yang tidak teruji. | C65: A.8.21 | D65: A.8.19 | F65: A.8.21 — Keamanan layanan jaringan A.8.19 — Instalasi perangkat lunak pada sistem operasional GT3: No Value
A66: Q65 | B66: DTI mencatat adanya beberapa akun dengan kewenangan administratif tinggi pada sistem informasi akademik yang masih aktif meskipun pemiliknya telah pindah tugas atau tidak lagi bertanggung jawab di area tersebut. Review terhadap log aktivitas sistem menunjukkan akun-akun tersebut jarang digunakan untuk keperluan operasional rutin namun tetap memiliki akses penuh ke data sensitif mahasiswa dan konfigurasi sistem. Tim keamanan belum mendapatkan dokumentasi terkini mengenai siapa saja pejabat yang berhak memegang serta memperpanjang masa berlaku hak akses khusus tersebut. | C66: A.8.2 | F66: A.8.2 — Hak akses istimewa GT2: No Value GT3: No Value
A67: Q66 | B67: Sistem informasi akademik yang digunakan untuk menyimpan nilai mahasiswa belum dilengkapi dengan mekanisme pencatatan aktivitas otomatis dan berkas database nilai yang tersimpan belum memiliki salinan cadangan yang rutin diupdate, sementara data mahasiswa yang telah lulus lebih dari lima tahun masih menumpuk di server produksi tanpa prosedur pembersihan terjadwal. | C67: A.8.15 | D67: A.8.13 | E67: A.8.10 | F67: A.8.15 — Pencatatan log A.8.13 — Backup informasi A.8.10 — Penghapusan informasi
A68: Q67 | B68: DTI mendeteksi kegagalan pada server utama sistem akademik, namun layanan tetap berjalan lancar karena adanya mesin cadangan yang otomatis mengambil alih. Tim operasional memperoleh notifikasi real-time melalui dashboard monitoring yang mencatat kinerja jaringan dan kapasitas penyimpanan data setiap lima menit. | C68: A.8.14 | D68: A.8.16 | F68: A.8.14 — Redundansi fasilitas pemrosesan informasi A.8.16 — Aktivitas pemantauan GT3: No Value
A69: Q68 | B69: Sistem informasi akademik di fakultas belum memiliki mekanisme filter otomatis yang dapat mendeteksi dan memblokir pengiriman rekam nilai serta data pribadi mahasiswa melalui email pribadi dosen atau aplikasi pesan instan. Dalam enam bulan terakhir, tim TIK menemukan beberapa kejadian tidak sengaja di mana lampiran berisi daftar nilai mahasiswa terkirim ke alamat email eksternal tanpa adanya peringatan sistem untuk mencegah transfer informasi sensitif tersebut. | C69: A.8.12 | F69: A.8.12 — Pencegahan kebocoran data GT2: No Value GT3: No Value
A70: Q69 | B70: Saat DTI melakukan uji coba sistem informasi keuangan ke Direktorat Keuangan, data transaksi riwayat pembayaran SPP mahasiswa belum dianonimisasi sehingga identitas dan detail nominal pembayaran masih terbaca jelas di lingkungan pengembangan. Tim pengembang yang bekerja dari luar kampus mengakses server pengujian menggunakan laptop pribadi tanpa enkripsi disk yang memadai, sehingga data pengujian yang bersifat sensitif berpotensi terekspos jika perangkat tersebut hilang atau dicuri. | C70: A.8.11 | D70: A.8.1 | E70: A.6.7 | F70: A.8.11 — Penyamaran data A.8.1 — Perangkat titik akhir pengguna A.6.7 — Bekerja jarak jauh
A71: Q70 | B71: Seorang staf dosen membawa laptop kerja berisi data penelitian ke rumah untuk bekerja di luar jam kantor, namun perangkat tersebut ditinggalkan tanpa pengawasan di dalam kendaraan yang terparkir di area publik. Di area kerja bersama DTI , beberapa server unit ditempatkan di dekat pintu masuk tanpa sekat pelindung yang memadai, sehingga mudah dijangkau oleh siapa saja yang lewat tanpa verifikasi identitas terlebih dahulu. | C71: A.7.9 | D71: A.7.8 | F71: A.7.9 — Keamanan aset di luar lokasi A.7.8 — Penempatan dan perlindungan peralatan GT3: No Value
A72: Q71 | B72: Saat inspeksi mendadak di meja kerja staf Direktorat Keuangan, ditemukan berkas-berkas kontrak vendor dan dokumen anggaran yang masih berserakan serta tertinggal terbuka di atas meja sebelum jam kerja berakhir. Beberapa petugas juga diketahui meninggalkan komputer dalam kondisi menyala tanpa mengunci layar sehingga informasi keuangan dan email institusi tetap terbuka dan dapat diakses oleh siapa saja yang lewat di area tersebut. | C72: A.7.7 | F72: A.7.7 — Meja bersih dan layar bersih GT2: No Value GT3: No Value
A73: Q72 | B73: Dua staf DTI sering membawa laptop dan dokumen konfigurasi jaringan keluar dari ruang server tanpa pencatatan di buka tamu maupun pengawalan petugas keamanan, sementara pintu masuk gedung pusat data tidak dilengkapi dengan sistem kartu akses dan CCTV memadai. Selama periode cuti bersama, ruangan server tetap dapat diakses oleh berbagai pihak karena tidak ada prosedur peminjaman kunci yang jelas serta belum adanya sensor pendeteksi kebocoran dan kebakaran di area vital tersebut. | C73: A.7.6 | D73: A.7.3 | E73: A.7.5 | F73: A.7.6 — Bekerja di area aman A.7.3 — Mengamankan kantor, ruangan, dan fasilitas A.7.5 — Perlindungan terhadap ancaman fisik dan lingkungan
A74: Q73 | B74: Tim keamanan gedung baru menyadari bahwa kamera pengawas di area perpustakaan tidak berfungsi selama sepekan terakhir, sementara petugas keamanan tidak mencatat siapa saja pengunjung yang keluar masuk melalui pintu samping gedung setelah jam operasional berakhir. Selain itu, beberapa dosen dan mahasiswa masih ditemukan meminjamkan kartu akses mereka kepada orang lain untuk masuk ke ruang dosen tanpa verifikasi identitas yang memadai. | C74: A.7.4 | D74: A.7.2 | F74: A.7.4 — Pemantauan keamanan fisik A.7.2 — Kontrol masuk fisik GT3: No Value
A75: Q74 | B75: Tim ICT universitas memproses pengembalian lima unit laptop pegawai yang habis masa kontraknya dengan melakukan wipe data berlapis dan menghapus seluruh kredensial institusi sebelum dilepas ke pembeli barang bekas. Unit yang sudah tidak terpakai disimpan sementara di gudang terkunci sambil menunggu prosedur pelelangan resmi dari BUMN yang akan datang bulan depan. Namun masih terdapat dua monitor bekas yang langsung dibuang ke penampungan sampah umum tanpa memastikan data di dalamnya telah terhapus permanen. | C75: A.7.14 | F75: A.7.14 — Pembuangan atau penggunaan kembali peralatan secara aman GT2: No Value GT3: No Value
A76: Q75 | B76: Gedung server milik DTI mengalami tiga kali pemadaman listrik dalam sebulan terakhir akibat overload pada UPS dan genset yang tidak mampu menopang beban perangkat secara berkelanjutan. Kabel jaringan fiber optik dan kabel daya yang terpasang di area teknis masih belum tertata rapi, banyak yang terkelindas dan tidak dilindungi dengan trunking yang memadai. Tim teknis belum memiliki jadwal pemeliharaan berkala yang terjadwal untuk melakukan pembersihan penghawaan server dan penggantian komponen jaringan yang sudah mengalami penurunan performa. | C76: A.7.13 | D76: A.7.12 | E76: A.7.11 | F76: A.7.13 — Pemeliharaan peralatan A.7.12 — Keamanan pengkabelan A.7.11 — Utilitas pendukung
A77: Q76 | B77: DTI menemukan beberapa hard disk eksternal bekas milik staf Direktorat Keuangan yang akan dilelang tanpa proses penghapusan data terlebih dahulu, sehingga berisiko mengekspos informasi keuangan sensitif. Pada saat yang sama, tim keamanan gedung melaporkan bahwa akses ke ruang server utama di lantai dua masih dapat dimasuki oleh tamu dan mahasiswa tanpa pendampingan karena pintu masuk area tersebut tidak dilengkapi dengan sistem kunci elektronik atau catatan pencatatan pengunjung. | C77: A.7.10 | D77: A.7.1 | F77: A.7.10 — Media penyimpanan A.7.1 — Perimeter keamanan fisik GT3: No Value
A78: Q77 | B78: Tim sistem informasi mendeteksi upaya login yang mencurigakan ke portal akademik dari luar negeri pada pukul 02:30 WIB, namun insiden tersebut baru dilaporkan ke manajemen setelah lima hari berlalu tanpa dokumentasi resmi. Selama periode tersebut, tidak ada notifikasi atau eskalasi yang diberikan kepada unit terkait meskipun pola akses menunjukkan indikasi anomali yang berpotensi membahayakan kerahasiaan data akademik. | C78: A.6.8 | F78: A.6.8 — Pelaporan peristiwa keamanan informasi GT2: No Value GT3: No Value
A79: Q78 | B79: Pusat teknologi informasi universitas perlu memastikan seluruh staf dan pihak ketiga yang memiliki akses ke sistem informasi akademik dan keuangan menandatangani dokumen perjanjian kerahasiaan sebelum diberikan kredensial akses. Prosedur pemutusan hubungan kerja harus mencakup pengembalian seluruh aset inventaris dan pencabutan hak akses terhadap sistem institusi pada hari terakhir masa kerja. Pengelolaan kontrak kerja sama dengan vendor penyedia layanan teknologi harus memuat klausul eksplisit mengenai kewajiban perlindungan data sensitif dan sanksi atas pelanggaran kerahasiaan informasi. | C79: A.6.6 | D79: A.6.5 | E79: A.6.2 | F79: A.6.6 — Perjanjian kerahasiaan atau non-disclosure A.6.5 — Tanggung jawab setelah pemutusan atau perubahan hubungan kerja A.6.2 — Syarat dan ketentuan ketenagakerjaan
A80: Q79 | B80: Saat ini Direktorat Sistem Informasi belum memiliki program pelatihan rutin tentang keamanan informasi bagi staf dan pegawai baru. Ditemukan juga kasus pegawai yang berulang kali membagikan kredensial akun institusi melalui aplikasi pesan namun tidak pernah mendapat teguran atau sanksi formal dari manajemen. | C80: A.6.4 | D80: A.6.3 | F80: A.6.4 — Proses pendisiplinan A.6.3 — Kesadaran, pendidikan, dan pelatihan keamanan informasi GT3: No Value
A81: Q80 | B81: DTI perlu mendaftarkan seluruh perangkat server dan perangkat jaringan yang tersebar di fakultas-fakultas untuk memudahkan pemeliharaan dan penggantian perangkat yang sudah usang. Data mengenai spesifikasi, lokasi penempatan, dan penanggung jawab tiap aset teknologi tersebut belum terdokumentasi secara sistematis di database institusi. | C81: A.5.9 | F81: A.5.9 — Inventarisasi informasi dan aset terkait lainnya GT2: No Value GT3: No Value
A82: Q81 | B82: Direktorat TIK mengalami kesulitan melacak pengembalian laptop dan perangkat IT yang dipinjam staf untuk keperluan proyek pengembangan sistem, karena belum ada formulir serah terima resmi yang memuat daftar inventaris dan detail hak akses yang perlu dinonaktifkan. Beberapa mahasiswa peneliti ditemukan masih menyimpan file hasil penelitian di laptop pribadi meskipun periode kerja sama dengan LPPM telah berakhir. UPT Perpustakaan belum memiliki panduan tertulis mengenai ketentuan peminjaman jangka panjang perangkat komputer bagi staf penunjang akademik. | C82: A.5.8 | D82: A.5.10 | E82: A.5.11 | F82: A.5.8 — Keamanan informasi dalam manajemen proyek A.5.10 — Penggunaan informasi dan aset terkait yang dapat diterima A.5.11 — Pengembalian aset
A83: Q82 | B83: Tim DTI menerima laporan rutin dari Badan Siber dan Sandi Negara mengenai tren serangan siber terbaru yang menargetkan sektor pendidikan tinggi, namun informasi tersebut belum dianalisis dan disosialisasikan ke seluruh unit kerja untuk penyesuaian langkah pengamanan. Direktorat Sistem Informasi belum membangun kanal komunikasi formal dengan forum rektorat se-Indonesia dan asosiasi pegawai TIK perguruan tinggi untuk berbagi informasi terkait insiden keamanan dan ancaman yang sedang berkembang di lingkungan kampus. | C83: A.5.7 | D83: A.5.6 | F83: A.5.7 — Intelijen ancaman A.5.6 — Kontak dengan kelompok kepentingan khusus GT3: No Value
A84: Q83 | B84: Dalam menangani insiden kebocoran data mahasiswa yang berpotensi menyebar secara luas, DTI perlu mengidentifikasi pihak berwenang mana saja yang harus diberitahu baik di tingkat internal maupun eksternal kampus. Hubungan formal dengan lembaga penegak hukum dan regulator perlindungan data pribadi perlu diperjelas untuk memastikan kepatuhan terhadap kewajiban pelaporan. Prosedur komunikasi darurat belum memiliki daftar kontak resmi yang terstruktur untuk mempercepat koordinasi saat terjadi keamanan siber mendesak. | C84: A.5.5 | F84: A.5.5 — Kontak dengan otoritas GT2: No Value GT3: No Value
A85: Q84 | B85: Pimpinan universitas belum menetapkan kebijakan tertulis mengenai pengelolaan keamanan informasi seluruh unit kerja dan belum menunjuk pejabat yang secara khusus bertanggung jawab terhadap perlindungan aset informasi di lingkungan kampus. | C85: A.5.4 | D85: A.5.2 | E85: A.5.1 | F85: A.5.4 — Tanggung jawab manajemen A.5.2 — Peran dan tanggung jawab keamanan informasi A.5.1 — Kebijakan keamanan informasi
A86: Q85 | B86: Tim audit eksternal meminta hasil penilaian pihak ketiga terhadap pengamanan sistem akademik, namun DTI belum dapat menunjukkan laporan evaluasi independen yang terbaru. Selain itu, ketika diminta menunjukkan panduan pengelolaan insiden, staf administrasi hanya mengandalkan pengalaman informal tanpa prosedur tertulis yang distandarisasi. | C86: A.5.37 | D86: A.5.35 | F86: A.5.37 — Prosedur operasional yang didokumentasikan A.5.35 — Tinjauan independen keamanan informasi GT3: No Value
A87: Q86 | B87: Selama audit internal periode 2024, tim penjaminan mutu menemukan bahwa 12 dari 15 unit kerja di lingkungan universitas belum melengkapi dokumen bukti pelaksanaan SOP pengamanan data yang ditetapkan. Fakultas Teknik dan Direktorat Keuangan tidak memiliki catatan rutin terkait pembaruan komitmen keamanan informasi dari seluruh staf dan dosen mereka. | C87: A.5.36 | F87: A.5.36 — Kepatuhan terhadap kebijakan dan standar keamanan informasi GT2: No Value GT3: No Value
A88: Q87 | B88: Tim IT universitas baru menyadari bahwa data pribadi mahasiswa beserta rekam keayahannya yang tersimpan di server portal akademik belum dienkripsi dan masih dapat diakses oleh seluruh staf tanpa pembatasan hak akses yang jelas. Di sisi lain, perpustakaan perguruan tinggi mengalami kesulitan menelusuri bukti peminjaman skripsi mahasiswa dari tiga tahun lalu karena sistem catatan digitalnya tidak dilengkapi dengan fitur retensi arsip yang memadai. Selain itu, dosen-dosen peneliti mengeluhkan bahwa modul e-learning yang mereka kembangkan sering ditemukan dalam bentuk duplikat di portal perguruan tinggi lain tanpa menyertakan atribusi pencipta. | C88: A.5.34 | D88: A.5.32 | E88: A.5.33 | F88: A.5.34 — Privasi dan perlindungan data pribadi A.5.32 — Hak kekayaan intelektual A.5.33 — Perlindungan catatan
A89: Q88 | B89: DTI perlu memastikan seluruh sistem informasi akademik dan keuangan tetap dapat diakses selama masa pemeliharaan server atau ketika terjadi gangguan jaringan utama di kampus, dengan menyediakan infrastruktur cadangan yang memadui. Selain itu, universitas wajib memetakan dan mematuhi seluruh kewajiban hukum terkait perlindungan data pribadi mahasiswa serta ketentuan kontrak dengan penyedia layanan cloud yang digunakan untuk portal akademik. | C89: A.5.31 | D89: A.5.30 | F89: A.5.31 — Identifikasi persyaratan hukum, perundang-undangan, regulasi, dan kontraktual A.5.30 — Kesiapan TIK untuk kelangsungan bisnis GT3: No Value
A90: Q89 | B90: Pengelolaan database pembiayaan mahasiswa di Direktorat Keuangan saat ini masih mengizinkan satu orang staf untuk memiliki hak akses penuh mulai dari pengajuan, persetujuan, hingga eksekusi pembayaran tanpa mekanisme pemisahan tanggung jawab. | C90: A.5.3 | F90: A.5.3 — Pemisahan tugas GT2: No Value GT3: No Value
A91: Q90 | B91: Sistem informasi akademik mengalami gangguan akses selama enam jam yang berdampak pada proses registrasi mahasiswa baru, namun unit TIK baru menyadari kejadian tersebut setelah menerima laporan dari beberapa program studi. Tim respons tidak memiliki prosedur tertulis untuk menilai tingkat keparahan kejadian dan menentukan langkah prioritas yang harus diambil, sehingga penanganan menjadi tidak terstruktur. Selama proses investigasi berlangsung, petugas tidak mencatat secara sistematis semua bukti digital seperti log aktivitas dan jejak akses pengguna yang diperlukan untuk mengetahui penyebab insiden. | C91: A.5.28 | D91: A.5.26 | E91: A.5.25 | F91: A.5.28 — Pengumpulan bukti A.5.26 — Respons terhadap insiden keamanan informasi A.5.25 — Penilaian dan keputusan tentang peristiwa keamanan informasi
A92: Q91 | B92: Pada bulan Januaru 2024, sistem akademik universitas mengalami downtime selama 8 jam akibat serangan ransomware, namun tim IT tidak memiliki dokumentasi mengenai kronologi kejadian dan langkah pemulihan yang dilakukan. Insiden serupa terulang kembali pada bulan Mei dengan pola yang sama, namun tidak ada mekanisme evaluasi pasca-kejadian untuk mengidentifikasi akar masalah dan perbaikan yang diperlukan. Selama masa gangguan tersebut, tidak ada prosedur baku yang memastikan keamanan dan kerahasiaan data mahasiswa tetap terjaga. | C92: A.5.27 | D92: A.5.29 | F92: A.5.27 — Pembelajaran dari insiden keamanan informasi A.5.29 — Keamanan informasi selama gangguan GT3: No Value
A93: Q92 | B93: Tim TIK Universitas belum memiliki dokumen tertulis yang mengatur langkah-langkah penanganan ketika terjadi serangan ransomware atau kebocoran data mahasiswa, sehingga setiap insiden hanya ditangani secara ad hoc tanpa prosedur yang jelas. Risiko kebingungan koordinasi antara unit menjadi tinggi karena belum adanya daftar kontak tim respons dan kriteria eskalasi yang disepakati bersama secara formal. Perlu disusun rencana penanganan insiden yang terdokumentasi untuk memastikan respon yang cepat dan terarah saat terjadi kejadian keamanan informasi. | C93: A.5.24 | F93: A.5.24 — Perencanaan dan persiapan pengelolaan insiden keamanan informasi GT2: No Value GT3: No Value
A94: Q93 | B94: DTI berencana memigrasikan sistem akademik ke layanan cloud namun belum memiliki prosedur formal untuk menilai risiko keamanan dan memverifikasi standar keamanan dari penyedia layanan eksternal tersebut. Selama ini kontrak kerja sama dengan vendor pihak ketiga tidak mencantumkan klausul eksplisit mengenai kewajiban perlindungan data mahasiswa dan standar keamanan informasi yang harus dipatuhi. Universitas belum memiliki mekanisme untuk memantau dan mengevaluasi secara berkala kepatuhan keamanan informasi dari para pemasok perangkat lunak dan jaringan yang terlibat dalam rantai layanan teknologi informasi. | C94: A.5.23 | D94: A.5.19 | E94: A.5.21 | F94: A.5.23 — Keamanan informasi untuk penggunaan layanan cloud A.5.19 — Keamanan informasi dalam hubungan dengan pemasok A.5.21 — Pengelolaan keamanan informasi dalam rantai pasokan TIK
A95: Q94 | B95: DTI mendapati bahwa layanan cloud computing dari penyedia eksternal mengalami gangguan berkala namun belum ada mekanisme formal untuk memantau dan mengevaluasi kinerja layanan tersebut secara berkala. Setelah dilakukan peninjauan, terungkap bahwa kontrak kerja sama dengan penyedia layanan tersebut tidak memuat ketentuan spesifik mengenai tanggung jawab keamanan data mahasiswa dan kewajiban pelaporan insiden. | C95: A.5.22 | D95: A.5.20 | F95: A.5.22 — Pemantauan, peninjauan, dan pengelolaan perubahan layanan pemasok A.5.20 — Keamanan informasi dalam perjanjian pemasok GT3: No Value
A96: Q95 | B96: DTI Universitas Negeri Malang menemukan bahwa masih terdapat sepuluh akun alumni yang aktif dengan akses penuh ke portal akademik meskipun sudah dua tahun lulus. Tim keamanan sistem mengkhawatirkan kondisi ini karena tidak ada mekanisme otomatis yang menonaktifkan hak akses bagi pengguna yang tidak lagi berstatus aktif di sistem kependidikan. | C96: A.5.18 | F96: A.5.18 — Hak akses GT2: No Value GT3: No Value
A97: Q96 | B97: Sistem informasi akademik universitas masih menggunakan mekanisme otentikasi single factor tanpa verifikasi tambahan saat staf dosen dan tenaga kependidikan mengakses data rekam mahasiswa dari jaringan eksternal. Proses pembuatan akun baru bagi mahasiswa angkatan 2024 belum sepenuhnya terintegrasi dengan manajemen identitas pusat, sehingga masih terdapat akun-akun dormant yang belum dinonaktifkan sejak mahasiswa tersebut lulus dua tahun lalu. Selama ini pemberian hak akses ke portal keuangan dan data sensitif masih dilakukan secara manual oleh admin fakultas tanpa ada pembaruan berkala terhadap daftar akses yang diberikan. | C97: A.5.17 | D97: A.5.16 | E97: A.5.15 | F97: A.5.17 — Informasi autentikasi A.5.16 — Manajemen identitas A.5.15 — Pengendalian akses
A98: Q97 | B98: Saya akan membuat query implisit untuk kedua kontrol tersebut.Lembaga Penjaminan Mutu membagikan dokumen hasil akreditasi program studi kepada para dekanat melalui email tanpa menyertakan penanda tingkat kerahasiaan, sehingga tidak ada pembedaan yang jelas antara dokumen yang boleh diakses publik dengan yang hanya bersifat internal. Proses pengiriman berkas dilakukan langsung melalui lampiran email tanpa mekanisme pengamanan tambahan atau perjanjian resmi tentang cara penyampaian informasi yang benar. | C98: A.5.14 | D98: A.5.13 | F98: A.5.14 — Transfer informasi A.5.13 — Pelabelan informasi GT3: No Value
A99: Q98 | B99: DTI mendapati berkas proposal penelitian dosen dan nilai mahasiswa semester ganjil tersimpan tanpa label tingkat kerahasiaan yang jelas di shared drive fakultas. Penggunaan portal internal masih memperbolehkan staf administrasi untuk mengunggah dan mengunduh dokumen tanpa pembatasan akses berdasarkan tingkat sensitivitasnya. | C99: A.5.12 | F99: A.5.12 — Klasifikasi informasi GT2: No Value GT3: No Value
A100: Q99 | B100: Saat proses rekrutmen tenaga teknis di DTI , tim HR belum memasukkan klausul kerahasiaan dan larangan penggunaan data institusional dalam surat perjanjian kerja, sementara karyawan baru juga belum menerima materi pembekalan tentang perlindungan informasi sensitif seelah ditempatkan di divisi pengelolaan server. | C100: A.6.1 | D100: A.6.3 | E100: A.6.2 | F100: A.6.1 — Penyaringan A.6.3 — Kesadaran, pendidikan, dan pelatihan keamanan informasi A.6.2 — Syarat dan ketentuan ketenagakerjaan
...

Sheet Implisit Long
A1: query_id | B1: query | C1: ground_truth_ranked_1 | D1: ground_truth_ranked_2 | E1: ground_truth_ranked_3
A2: Q1 | B2: Dalam penyelenggaraan keamanan informasi di lingkungan organisasi, setiap unit kerja menjalankan aktivitas operasional dengan mengacu pada ketentuan yang berlaku. Ketentuan tersebut menjadi pedoman dalam pelaksanaan tugas sehari-hari serta dalam menjaga konsistensi praktik kerja antar unit. Pemahaman terhadap ketentuan tersebut dapat berbeda di antara pegawai dan unit kerja, sehingga penerapannya dalam kegiatan operasional berlangsung sesuai dengan interpretasi masing-masing. Oleh karena itu, diperlukan keselarasan dalam pemahaman dan penerapan agar aktivitas operasional dapat berjalan secara seragam di seluruh lingkungan organisasi. | C2: A.5.1 | D2: A.5.4 | E2: A.6.3 | F2: Ground Truth: A.5.1 — Policies for Information Security Alasan: Query secara langsung membahas dokumentasi, persetujuan, dan komunikasi kebijakan keamanan informasi. Control ini mengatur bahwa kebijakan keamanan informasi harus ditetapkan, disetujui manajemen, dipublikasikan, dan dikomunikasikan kepada seluruh pihak terkait. A.5.4 — Management Responsibilities Alasan: Tidak adanya bukti persetujuan dan dukungan manajemen terhadap kebijakan keamanan menunjukkan lemahnya tanggung jawab dan komitmen manajemen terhadap keamanan informasi. A.6.3 — Information Security Awareness, Education and Training Alasan: Beberapa divisi belum menerima sosialisasi kebijakan secara efektif. Hal ini berkaitan dengan awareness, edukasi, dan pelatihan keamanan informasi kepada karyawan.
C3: A.5.7 | D3: A.5.24 | E3: A.5.27 | F3: Ground Truth: A.5.7 — Threat Intelligence Alasan: Query membahas pemantauan risiko keamanan informasi secara berkelanjutan. Control ini berkaitan dengan identifikasi dan pengelolaan informasi ancaman yang relevan terhadap organisasi. A.5.24 — Information Security Incident Management Planning and Preparation Alasan: Tidak adanya mekanisme eskalasi risiko menunjukkan lemahnya perencanaan dan persiapan penanganan insiden keamanan informasi. A.5.27 — Learning from Information Security Incidents Alasan: Pemantauan risiko secara berkelanjutan dan evaluasi insiden berkaitan dengan proses pembelajaran dan peningkatan keamanan berdasarkan kejadian keamanan informasi.
C4: A.5.4 | D4: A.6.4 | F4: Ground Truth: A.5.4 — Management Responsibilities Alasan: Query menyoroti tidak adanya komitmen manajemen puncak terhadap keamanan informasi. Control ini mengatur bahwa manajemen harus menunjukkan dukungan, arahan, dan tanggung jawab terhadap penerapan keamanan informasi. A.6.4 — Disciplinary Process Alasan: Temuan audit menyebut bahwa tindakan disipliner terhadap pelanggaran kebijakan belum didefinisikan secara jelas. Hal ini secara langsung berkaitan dengan disciplinary process.
C5: A.6.3 | D5: A.5.2 | F5: A.5.2 — Information Security Roles and Responsibilities Alasan: Control ini mengatur definisi dan komunikasi tanggung jawab keamanan informasi. A.6.3 — Information Security Awareness, Education and Training Alasan: Tidak adanya bukti pelatihan sangat relevan dengan awareness dan training.
C6: A.5.5 | F6: A.5.5 — Contact with Authorities Alasan: Query hampir identik dengan definisi control ini, yaitu organisasi harus menjaga kontak dengan otoritas terkait. A.5.26 — Response to Information Security Incidents Alasan: Daftar kontak darurat dan pelaporan insiden mendukung respons insiden keamanan.\
C7: A.5.6 | F7: Ground Truth: A.5.7 — Threat Intelligence Alasan: Query secara langsung membahas pertukaran informasi ancaman dengan mitra industri. Control ini mengatur pengumpulan, analisis, dan berbagi threat intelligence untuk mendukung keamanan informasi organisasi. A.5.6 — Contact with Special Interest Groups Alasan: Tidak adanya mekanisme formal untuk berbagi best practice dan informasi keamanan dengan komunitas atau mitra industri berkaitan dengan hubungan organisasi dengan special interest groups dan forum keamanan informasi.
C8: A.8.8 | D8: A.8.16 | E8: A.8.29 | F8: Ground Truth: A.8.8 — Management of Technical Vulnerabilities Alasan: Query secara langsung membahas pemantauan dan evaluasi kerentanan sistem informasi. Control ini mengatur identifikasi, evaluasi, dan pengelolaan technical vulnerabilities. A.8.16 — Monitoring Activities Alasan: Tidak adanya pemantauan berkala terhadap kerentanan menunjukkan lemahnya monitoring aktivitas keamanan informasi dan infrastruktur. A.8.29 — Security Testing in Development and Acceptance Alasan: Penilaian kerentanan aplikasi dan infrastruktur berkaitan dengan security testing untuk memastikan keamanan sistem sebelum dan selama operasional.
C9: A.5.35 | D9: A.5.36 | E9: A.8.16 | F9: Ground Truth: A.5.35 — Independent Review of Information Security Alasan: Query membahas evaluasi efektivitas kontrol keamanan informasi. Control ini mengatur review independen terhadap penerapan dan efektivitas keamanan informasi. A.5.36 — Compliance with Policies, Rules and Standards for Information Security Alasan: Tidak adanya pengukuran dan pelaporan berkala menunjukkan lemahnya proses evaluasi kepatuhan terhadap kebijakan dan standar keamanan. A.8.16 — Monitoring Activities Alasan: Ketiadaan metrik keamanan terdokumentasi menunjukkan kelemahan monitoring dan pengukuran aktivitas keamanan informasi.
C10: A.5.15 | D10: A.5.16 | E10: A.5.18 | F10: Ground Truth: A.5.15 — Access Control Alasan: Query secara langsung membahas kebijakan pengendalian akses logis dan fisik. Control ini mengatur kebijakan dan aturan pengendalian akses terhadap informasi dan sistem. A.5.16 — Identity Management Alasan: Tidak adanya standar akses minimum berkaitan dengan pengelolaan identitas pengguna dan kontrol identitas organisasi. A.5.18 — Access Rights Alasan: Pemberian dan pengelolaan hak akses pengguna terhadap sistem harus ditetapkan dan dikendalikan secara formal.
C11: A.5.17 | D11: A.8.2 | E11: A.8.5 | F11: Ground Truth: A.5.17 — Authentication Information Alasan: Query secara langsung membahas pengelolaan password administrator dan penyimpanan credential. Control ini mengatur perlindungan authentication information. A.8.2 — Privileged Access Rights Alasan: Password administrator berkaitan dengan pengelolaan privileged access rights yang harus dikendalikan secara ketat. A.8.5 — Secure Authentication Alasan: Tidak adanya password manager menunjukkan kelemahan penerapan mekanisme autentikasi yang aman.
C12: A.5.16 | D12: A.5.18 | F12: Ground Truth: A.5.16 — Identity Management Alasan: Query secara langsung membahas pengelolaan identitas pengguna dan proses verifikasi identitas sebelum pemberian akses. Control ini mengatur pengelolaan identitas digital pengguna organisasi. A.5.18 — Access Rights Alasan: Pemberian akses kepada pengguna juga berkaitan dengan pengelolaan dan pengendalian access rights.
C13: A.7.2 | D13: A.7.3 | F13: Ground Truth: A.7.2 — Physical Entry Alasan: Query secara langsung membahas pembatasan akses fisik ke ruang server. Control ini mengatur pengendalian physical entry ke area sensitif organisasi. A.7.3 — Securing Offices, Rooms and Facilities Alasan: Perlindungan ruang server dan fasilitas organisasi juga berkaitan dengan pengamanan ruangan dan fasilitas fisik.
C14: A.7.14 | D14: A.8.10 | F14: Ground Truth: A.7.14 — Secure Disposal or Re-use of Equipment Alasan: Query secara langsung membahas disposal perangkat dan tidak adanya secure wiping sebelum perangkat digunakan kembali atau dibuang. Control ini mengatur penghapusan aman data pada perangkat. A.8.10 — Information Deletion Alasan: Secure wiping juga berkaitan dengan penghapusan informasi secara aman agar data tidak dapat dipulihkan kembali.
C15: A.8.13 | D15: A.5.30 | F15: Ground Truth: A.8.13 — Information Backup Alasan: Query secara langsung membahas prosedur backup informasi dan pengujian pemulihan backup. Control ini mengatur backup dan pemulihan data organisasi. A.5.30 — ICT Readiness for Business Continuity Alasan: Pengujian pemulihan backup juga berkaitan dengan kesiapan teknologi informasi untuk mendukung business continuity.
C16: A.8.16 | D16: A.8.15 | F16: Ground Truth: A.8.16 — Monitoring Activities Alasan: Query secara langsung membahas pemantauan aktivitas mencurigakan dan deteksi upaya akses tidak sah. Control ini mengatur monitoring aktivitas sistem dan keamanan untuk mendeteksi kejadian abnormal. A.8.15 — Logging Alasan: Ketiadaan alert dan pencatatan aktivitas mencurigakan berkaitan dengan logging dan pencatatan event keamanan yang memadai.
C17: A.5.37 | D17: A.5.35 | F17: Ground Truth: A.5.36 — Compliance with Policies, Rules and Standards for Information Security Alasan: Query membahas ketidaksesuaian antara dokumentasi keamanan dan implementasi aktual. Control ini berkaitan dengan evaluasi kepatuhan implementasi terhadap kebijakan, standar, dan prosedur keamanan. A.5.35 — Independent Review of Information Security Alasan: Tidak adanya validasi kesesuaian dokumen dengan implementasi menunjukkan lemahnya proses review independen terhadap keamanan informasi.
C18: A.8.15 | D18: A.8.16 | E18: A.5.25 | F18: Ground Truth: A.8.15 — Logging Alasan: Query secara langsung membahas pengumpulan dan pengelolaan log keamanan informasi. Control ini mengatur pencatatan event dan aktivitas keamanan. A.8.16 — Monitoring Activities Alasan: Tidak adanya SIEM menunjukkan lemahnya monitoring dan analisis aktivitas keamanan informasi secara berkelanjutan. A.5.25 — Assessment and Decision on Information Security Events Alasan: Data dan log keamanan harus dianalisis untuk mendukung penilaian dan pengambilan keputusan terhadap security events.
C19: A.8.6 | F19: Ground Truth: A.8.6 — Capacity Management Alasan: Query secara langsung membahas pemantauan penggunaan sistem dan proyeksi kebutuhan kapasitas masa depan. Control ini berfokus pada pengelolaan kapasitas sistem untuk memastikan performa dan ketersediaan layanan. A.8.16 — Monitoring Activities Alasan: Monitoring penggunaan sistem untuk mendukung capacity planning juga berkaitan dengan aktivitas monitoring operasional.
C20: A.8.9 | D20: A.8.8 | E20: A.8.20 | F20: Ground Truth: A.8.9 — Configuration Management Alasan: Query secara langsung membahas pengelolaan konfigurasi sistem dan baseline hardening operating system. Control ini mengatur konfigurasi aman dan pengendalian konfigurasi sistem. A.8.8 — Management of Technical Vulnerabilities Alasan: Tidak adanya baseline hardening dapat meningkatkan risiko technical vulnerabilities pada sistem. A.8.20 — Network Security Alasan: Konfigurasi sistem dan hardening operating system berdampak langsung terhadap keamanan infrastruktur jaringan dan sistem organisasi.
C21: A.8.16 | D21: A.8.20 | E21: A.8.7 | F21: Ground Truth: A.8.16 — Monitoring Activities Alasan: Query membahas monitoring lalu lintas jaringan dan deteksi aktivitas intrusi. Control ini mengatur monitoring keamanan sistem dan jaringan secara berkelanjutan. A.8.20 — Network Security Alasan: Tidak adanya IDS/IPS menunjukkan kelemahan pengamanan jaringan dan perlindungan network infrastructure. A.8.7 — Protection Against Malware Alasan: IDS/IPS juga berperan dalam mendeteksi aktivitas berbahaya dan ancaman malware pada jaringan organisasi.
C22: A.8.20 | D22: A.8.9 | F22: Ground Truth: A.8.20 — Network Security Alasan: Query membahas standar konfigurasi keamanan jaringan dan maintenance jaringan. Control ini mengatur perlindungan dan pengamanan network infrastructure. A.8.9 — Configuration Management Alasan: Dokumentasi standar konfigurasi keamanan jaringan berkaitan dengan pengelolaan konfigurasi sistem dan perangkat jaringan.
C23: A.5.12 | D23: A.8.24 | F23: Ground Truth: A.5.12 — Classification of Information Alasan: Query membahas pengamanan aset berdasarkan kategori dan sensitivitas informasi. Control ini mengatur klasifikasi informasi untuk menentukan tingkat perlindungan yang sesuai. A.8.24 — Use of Cryptography Alasan: Penerapan enkripsi terhadap aset sensitif berkaitan langsung dengan penggunaan kontrol kriptografi untuk melindungi informasi.
C24: A.7.10 | D24: A.7.8 | F24: Ground Truth: A.7.10 — Storage Media Alasan: Query secara langsung membahas perlindungan perangkat penyimpanan saat tidak digunakan. Control ini mengatur pengamanan storage media untuk mencegah akses tidak sah. A.7.8 — Equipment Siting and Protection Alasan: Mekanisme proteksi perangkat saat tidak digunakan juga berkaitan dengan perlindungan perangkat fisik dan penempatannya.
C25: A.6.7 | D25: A.5.17 | E25: A.8.5 | F25: Ground Truth: A.6.7 — Remote Working Alasan: Query secara langsung membahas pengamanan akses jarak jauh dan remote working. Control ini mengatur keamanan aktivitas kerja jarak jauh. A.5.17 — Authentication Information Alasan: Penggunaan multifactor authentication berkaitan dengan perlindungan authentication information pengguna. A.8.5 — Secure Authentication Alasan: Penerapan MFA merupakan bagian dari mekanisme secure authentication untuk akses ke sistem organisasi.
C26: A.6.7 | D26: A.8.24 | F26: Ground Truth: A.6.7 — Remote Working Alasan: Penggunaan perangkat mobile dalam operasional organisasi berkaitan dengan pengamanan aktivitas kerja jarak jauh dan endpoint yang digunakan di luar lingkungan organisasi. A.8.24 — Use of Cryptography Alasan: Enkripsi data sensitif pada perangkat mobile secara langsung berkaitan dengan penggunaan kontrol kriptografi untuk perlindungan informasi.
C27: A.7.10 | D27: A.8.24 | F27: Ground Truth: A.7.10 — Storage Media Alasan: Query secara langsung membahas pengamanan media penyimpanan portabel dan pembatasan penggunaannya. Control ini mengatur perlindungan storage media untuk mencegah kehilangan, kebocoran, atau akses tidak sah terhadap informasi. A.8.24 — Use of Cryptography Alasan: Penggunaan enkripsi pada media portabel berkaitan langsung dengan penerapan kontrol kriptografi untuk melindungi data sensitif.
C28: A.7.10 | D28: A.5.9 | F28: Ground Truth: A.7.10 — Storage Media Alasan: Query membahas kebijakan penggunaan media portabel dan pengelolaannya. Control ini mengatur penggunaan aman serta perlindungan media penyimpanan. A.5.9 — Inventory of Information and Other Associated Assets Alasan: Inventaris media portabel yang terpelihara dengan baik berkaitan dengan pengelolaan dan inventarisasi aset informasi organisasi.
C29: A.8.24 | D29: A.8.7 | F29: Ground Truth: A.8.24 — Use of Cryptography Alasan: Query secara langsung menyebut perlindungan data sensitif menggunakan enkripsi selama penggunaan. Control ini paling relevan karena mengatur penggunaan kriptografi untuk melindungi informasi. A.8.7 — Protection Against Malware Alasan: Keberadaan aplikasi keamanan pada seluruh perangkat berkaitan dengan perlindungan sistem terhadap malware dan ancaman keamanan lainnya.
C30: A.7.8 | D30: A.7.10 | F30: Ground Truth: A.7.8 — Equipment Siting and Protection Alasan: Query membahas perlindungan aset yang tidak aktif dari akses tidak sah. Control ini mengatur perlindungan perangkat dan aset fisik agar tetap aman saat tidak digunakan. A.7.10 — Storage Media Alasan: Pengamanan aset yang tidak digunakan juga berkaitan dengan perlindungan media penyimpanan dan aset informasi dari akses tidak sah.
C31: A.8.24 | D31: A.7.7 | F31: Ground Truth: A.8.24 — Use of Cryptography Alasan: Perlindungan data sensitif saat digunakan merupakan bagian dari pengamanan informasi menggunakan kontrol keamanan teknis seperti enkripsi. A.7.7 — Clear Desk and Clear Screen Alasan: Penerapan screen protection untuk mencegah shoulder surfing berkaitan langsung dengan clear screen practices dalam lingkungan kerja.
C32: A.7.8 | D32: A.7.10 | F32: Ground Truth: A.7.8 — Equipment Siting and Protection Alasan: Query menunjukkan bahwa kontrol perlindungan aset tidak aktif berjalan efektif. Control ini berkaitan dengan perlindungan perangkat dan aset fisik dari ancaman keamanan. A.7.10 — Storage Media Alasan: Tidak adanya insiden keamanan terhadap aset yang tidak digunakan juga berkaitan dengan pengamanan storage media dan aset informasi.
C33: A.5.10 | F33: Ground Truth: A.5.10 — Acceptable Use of Information and Other Associated Assets Alasan: Query secara langsung membahas prosedur dan standar penggunaan aset secara aman. Control ini mengatur acceptable use terhadap aset informasi organisasi. A.5.9 — Inventory of Information and Other Associated Assets Alasan: Pengelolaan penggunaan aset juga berkaitan dengan identifikasi dan inventarisasi aset organisasi.
C34: A.7.10 | D34: A.8.24 | F34: Ground Truth: A.7.10 — Storage Media Alasan: Query membahas pengendalian dan pengamanan media penyimpanan portabel. Control ini paling relevan karena mengatur penggunaan aman storage media. A.8.24 — Use of Cryptography Alasan: Enkripsi media portabel berkaitan langsung dengan penggunaan kontrol kriptografi untuk perlindungan informasi.
C35: A.7.3 | D35: A.7.10 | F35: Ground Truth: A.7.10 — Storage Media Alasan: Query secara langsung membahas pengamanan media penyimpanan saat tidak digunakan. Control ini mengatur perlindungan storage media dari akses tidak sah. A.7.3 — Securing Offices, Rooms and Facilities Alasan: Ruang penyimpanan aset yang terkunci berkaitan dengan pengamanan fisik ruangan dan fasilitas organisasi.
C36: A.5.10 | F36: Ground Truth: A.5.10 — Acceptable Use of Information and Other Associated Assets Alasan: Query membahas standar dan prosedur penggunaan aset organisasi secara jelas dan terdokumentasi. Control ini mengatur acceptable use terhadap aset informasi. A.5.9 — Inventory of Information and Other Associated Assets Alasan: Penggunaan aset yang terdokumentasi dengan baik juga berkaitan dengan pengelolaan dan inventaris aset organisasi.
C37: A.7.10 | D37: A.8.24 | F37: Ground Truth: A.7.10 — Storage Media Alasan: Query secara langsung membahas pengamanan media penyimpanan saat tidak digunakan. Control ini mengatur perlindungan storage media agar terhindar dari akses tidak sah dan kebocoran informasi. A.8.24 — Use of Cryptography Alasan: Penggunaan enkripsi pada media penyimpanan berkaitan langsung dengan penerapan kontrol kriptografi untuk perlindungan informasi sensitif.
C38: A.5.18 | D38: A.5.15 | F38: Ground Truth: A.5.18 — Access Rights Alasan: Query secara langsung membahas pengelolaan hak akses pengguna dan tidak adanya review berkala akses. Control ini mengatur pemberian, peninjauan, perubahan, dan pencabutan access rights. A.5.15 — Access Control Alasan: Pengelolaan akses pengguna juga berkaitan dengan kebijakan dan pengendalian akses secara umum.
C39: A.8.2 | D39: A.5.18 | F39: Ground Truth: A.8.2 — Privileged Access Rights Alasan: Query secara langsung membahas pemberian hak akses istimewa tanpa approval yang memadai. Control ini mengatur pengendalian privileged access rights secara ketat. A.5.18 — Access Rights Alasan: Pemberian akses istimewa juga berkaitan dengan pengelolaan dan persetujuan hak akses pengguna.
C40: A.5.18 | D40: A.5.17 | F40: Ground Truth: A.5.18 — Access Rights Alasan: Query berfokus pada tidak adanya review berkala terhadap hak akses sistem kritikal. Control ini mengatur review dan pengelolaan access rights. A.5.17 — Authentication Information Alasan: Ketiadaan multifactor authentication berkaitan dengan pengamanan authentication information dan mekanisme autentikasi pengguna.
C41: A.5.17 | D41: A.5.15 | F41: Ground Truth: A.5.17 — Authentication Information Alasan: Query secara langsung membahas password sharing antar pengguna. Control ini mengatur perlindungan dan pengelolaan authentication information agar tidak disalahgunakan. A.5.15 — Access Control Alasan: Password sharing juga berdampak terhadap efektivitas kontrol akses organisasi.
C42: A.5.17 | D42: A.8.1 | F42: Ground Truth: A.5.17 — Authentication Information Alasan: Query membahas kelemahan mekanisme autentikasi termasuk tidak adanya biometric authentication. Control ini berkaitan dengan pengamanan authentication information dan metode autentikasi. A.8.1 — User Endpoint Devices Alasan: Autentikasi perangkat berkaitan dengan pengamanan endpoint devices yang digunakan dalam operasional organisasi.
C43: A.8.20 | D43: A.8.9 | F43: Ground Truth: A.8.20 — Network Security Alasan: Query secara langsung membahas standar keamanan jaringan dan dokumentasi arsitektur jaringan. Control ini mengatur perlindungan dan pengamanan jaringan organisasi. A.8.9 — Configuration Management Alasan: Peta jaringan dan dokumentasi konfigurasi berkaitan dengan pengelolaan konfigurasi infrastruktur jaringan.
C44: A.8.5 | D44: A.5.17 | F44: Ground Truth: A.8.5 — Secure Authentication Alasan: Query secara langsung membahas kelemahan autentikasi aplikasi web dan tidak adanya multifactor authentication. Control ini mengatur penerapan mekanisme autentikasi yang aman. A.5.17 — Authentication Information Alasan: Pengelolaan credential dan authentication information juga berkaitan dengan keamanan autentikasi aplikasi.
C45: A.8.27 | D45: A.8.26 | F45: Ground Truth: A.8.27 — Secure System Architecture and Engineering Principles Alasan: Query membahas arsitektur keamanan aplikasi dan tidak adanya threat modeling. Control ini paling relevan karena mengatur penerapan secure architecture dan engineering principles. A.8.26 — Application Security Requirements Alasan: Threat modeling dan desain keamanan aplikasi juga berkaitan dengan penetapan security requirements pada aplikasi.
C46: A.8.7 | D46: A.5.24 | F46: Ground Truth: A.8.7 — Protection Against Malware Alasan: Query secara langsung membahas penanganan malware dan tidak adanya prosedur respon malware. Control ini mengatur perlindungan terhadap malware dan pengelolaan ancaman terkait. A.5.24 — Information Security Incident Management Planning and Preparation Alasan: Tidak adanya incident response untuk malware menunjukkan kelemahan dalam perencanaan dan persiapan penanganan insiden keamanan.
C47: A.5.30 | D47: A.5.29 | F47: Ground Truth: A.5.30 — ICT Readiness for Business Continuity Alasan: Query membahas prosedur pemulihan data serta ketiadaan RTO dan RPO. Control ini mengatur kesiapan teknologi informasi untuk mendukung business continuity dan disaster recovery. A.5.29 — Information Security During Disruption Alasan: Pengelolaan keamanan informasi selama gangguan layanan juga berkaitan dengan proses pemulihan dan continuity planning.
C48: A.8.15 | D48: A.8.16 | F48: Ground Truth: A.8.15 — Logging Alasan: Query secara langsung membahas logging aktivitas pengguna dan sistem serta tidak adanya centralized logging. Control ini mengatur pencatatan dan pengelolaan log keamanan. A.8.16 — Monitoring Activities Alasan: Centralized logging juga mendukung monitoring aktivitas keamanan secara berkelanjutan.
... C53: A.8.9 | D53: A.5.37 | F53: Ground Truth: A.8.9 — Configuration Management Alasan: Query secara langsung membahas perubahan konfigurasi yang tidak terdokumentasi dan tidak adanya change management. Control ini mengatur pengelolaan konfigurasi dan perubahan sistem secara aman. A.5.37 — Documented Operating Procedures Alasan: Tidak adanya dokumentasi perubahan konfigurasi juga berkaitan dengan kelemahan documented operating procedures.
C54: A.8.20 | F54: Ground Truth: A.8.20 — Network Security Alasan: Query secara langsung membahas kelemahan pengamanan jaringan dan tidak adanya network segmentation. Control ini mengatur perlindungan dan keamanan jaringan organisasi.
C55: A.8.24 | D55: A.8.20 | F55: Ground Truth: A.8.24 — Use of Cryptography Alasan: Query membahas penggunaan TLS untuk mengenkripsi traffic jaringan dan komunikasi internal. Control ini berkaitan langsung dengan penerapan kriptografi untuk melindungi informasi. A.8.20 — Network Security Alasan: Enkripsi komunikasi jaringan juga mendukung pengamanan infrastruktur dan komunikasi network.
C56: A.8.20 | D56: A.8.9 | F56: Ground Truth: A.8.20 — Network Security Alasan: Query membahas standar keamanan jaringan dan dokumentasi baseline jaringan. Control ini berkaitan dengan pengamanan dan pengelolaan jaringan organisasi. A.8.9 — Configuration Management Alasan: Network baseline terdokumentasi berkaitan dengan pengelolaan konfigurasi perangkat dan infrastruktur jaringan.
C57: A.8.9 | D57: A.8.8 | F57: Ground Truth: A.8.9 — Configuration Management Alasan: Database hardening berkaitan dengan konfigurasi aman dan pengelolaan konfigurasi sistem database. A.8.8 — Management of Technical Vulnerabilities Alasan: Tidak adanya hardening dapat meningkatkan technical vulnerabilities pada database dan sistem terkait.
C58: A.8.24 | D58: A.8.20 | F58: Ground Truth: A.8.24 — Use of Cryptography Alasan: Query secara langsung membahas tidak adanya TLS dan kelemahan enkripsi komunikasi jaringan. Control ini mengatur penggunaan kriptografi untuk melindungi informasi. A.8.20 — Network Security Alasan: Keamanan komunikasi jaringan juga berkaitan dengan perlindungan network infrastructure dan traffic komunikasi.
C59: A.7.10 | D59: A.8.24 | F59: Ground Truth: A.7.10 — Storage Media Alasan: Query membahas kelemahan pengamanan media penyimpanan. Control ini mengatur perlindungan storage media dari akses tidak sah dan kehilangan data. A.8.24 — Use of Cryptography Alasan: Tidak adanya disk encryption menunjukkan kelemahan penerapan kontrol kriptografi untuk perlindungan data.
C60: A.5.37 | D60: A.6.3 | F60: Ground Truth: A.5.37 — Documented Operating Procedures Alasan: Query secara langsung membahas tidak tersedianya prosedur keamanan terdokumentasi bagi seluruh personel organisasi. A.6.3 — Information Security Awareness, Education and Training Alasan: Tidak tersedianya repository dokumen dapat menghambat awareness dan pemahaman personel terhadap prosedur keamanan.
C61: A.8.24 | D61: A.8.1 | F61: Ground Truth: A.8.24 — Use of Cryptography Alasan: Query secara langsung membahas tidak adanya full disk encryption pada perangkat. Control ini berkaitan dengan penggunaan kriptografi untuk melindungi data. A.8.1 — User Endpoint Devices Alasan: Perlindungan data pada endpoint device juga berkaitan dengan pengamanan perangkat pengguna.
C62: A.5.12 | D62: A.5.13 | F62: Ground Truth: A.5.12 — Classification of Information Alasan: Query secara langsung membahas klasifikasi aset dan penerapan label keamanan secara konsisten. Control ini mengatur klasifikasi informasi berdasarkan sensitivitas. A.5.13 — Labelling of Information Alasan: Penerapan label keamanan pada aset berkaitan langsung dengan pelabelan informasi dan aset organisasi.
C63: A.7.7 | D63: A.5.37 | F63: Ground Truth: A.7.7 — Clear Desk and Clear Screen Alasan: Query secara langsung membahas tidak adanya clear desk policy untuk pengamanan aset dan informasi fisik. A.5.37 — Documented Operating Procedures Alasan: Tidak adanya dokumentasi prosedur penyimpanan aset menunjukkan kelemahan documented operating procedures.
C64: A.7.7 | D64: A.8.24 | F64: Ground Truth: A.7.7 — Clear Desk and Clear Screen Alasan: Tidak adanya screen privacy filter berkaitan dengan perlindungan tampilan informasi agar tidak mudah dilihat pihak tidak berwenang. A.8.24 — Use of Cryptography Alasan: Perlindungan data sensitif saat digunakan juga berkaitan dengan pengamanan informasi menggunakan kontrol keamanan tambahan.
C65: A.7.10 | F65: Ground Truth: A.7.10 — Storage Media Alasan: Query secara langsung membahas lemahnya pengendalian penggunaan media penyimpanan portabel. Control ini mengatur penggunaan aman dan perlindungan storage media.
C66: A.5.9 | D66: A.7.10 | F66: Ground Truth: A.5.9 — Inventory of Information and Other Associated Assets Alasan: Query membahas tidak adanya inventory media dan tracking aset media. Control ini mengatur inventarisasi aset organisasi. A.7.10 — Storage Media Alasan: Tracking media juga berkaitan dengan pengelolaan dan perlindungan storage media.
C67: A.7.10 | F67: Ground Truth: A.7.10 — Storage Media Alasan: Query secara langsung membahas pengendalian penggunaan media portabel. Control ini mengatur penggunaan aman storage media dan pembatasan penggunaannya.
C68: A.5.9 | D68: A.7.10 | F68: Ground Truth: A.5.9 — Inventory of Information and Other Associated Assets Alasan: Media yang tidak terlacak menunjukkan lemahnya inventarisasi dan pengelolaan aset informasi organisasi. A.7.10 — Storage Media Alasan: Tracking media berkaitan langsung dengan pengamanan dan pengelolaan storage media.
C69: A.7.10 | D69: A.5.9 | F69: Ground Truth: A.7.10 — Storage Media Alasan: Query membahas pengelolaan dan tracking media secara efektif. Control ini mengatur penggunaan aman dan perlindungan media penyimpanan. A.5.9 — Inventory of Information and Other Associated Assets Alasan: Media yang dilacak dengan baik menunjukkan pengelolaan inventaris aset organisasi yang efektif.
C70: A.7.7 | D70: A.8.24 | F70: Ground Truth: A.7.7 — Clear Desk and Clear Screen Alasan: Penggunaan screen privacy filter berkaitan langsung dengan perlindungan tampilan informasi dari pihak tidak berwenang. A.8.24 — Use of Cryptography Alasan: Perlindungan data sensitif saat digunakan juga mendukung keamanan informasi secara menyeluruh.
C71: A.7.8 | D71: A.7.10 | F71: Ground Truth: A.7.8 — Equipment Siting and Protection Alasan: Query membahas perlindungan aset tidak aktif dan tidak adanya kehilangan aset. Control ini berkaitan dengan perlindungan perangkat dan aset fisik. A.7.10 — Storage Media Alasan: Pengamanan aset tidak aktif juga berkaitan dengan perlindungan storage media.
C72: A.5.10 | D72: A.8.24 | F72: Ground Truth: A.5.10 — Acceptable Use of Information and Other Associated Assets Alasan: Query membahas penggunaan aset secara aman dan perlindungan aset selama penggunaan. A.8.24 — Use of Cryptography Alasan: Perlindungan data sensitif saat penggunaan berkaitan dengan penggunaan kontrol keamanan untuk melindungi informasi.
C73: A.7.8 | D73: A.7.10 | F73: Ground Truth: A.7.8 — Equipment Siting and Protection Alasan: Query membahas pengamanan aset yang tidak aktif agar terhindar dari kehilangan atau akses tidak sah. A.7.10 — Storage Media Alasan: Tidak adanya kebocoran data juga berkaitan dengan pengamanan media penyimpanan.
C74: A.5.10 | F74: Ground Truth: A.5.10 — Acceptable Use of Information and Other Associated Assets Alasan: Query secara langsung membahas penggunaan aset secara aman dan penerapan proteksi selama penggunaan aset organisasi.
C75: A.5.37 | D75: A.7.10 | F75: Ground Truth: A.5.37 — Documented Operating Procedures Alasan: Query membahas dokumentasi prosedur penyimpanan dan pengamanan aset organisasi. Control ini berkaitan dengan documented operating procedures. A.7.10 — Storage Media Alasan: Penyimpanan aset juga berkaitan dengan pengamanan media penyimpanan dan aset informasi.
C76: A.5.10 | D76: A.5.37 | F76: Ground Truth: A.5.10 — Acceptable Use of Information and Other Associated Assets Alasan: Query secara langsung membahas standar penggunaan aset organisasi. Control ini mengatur acceptable use terhadap aset informasi. A.5.37 — Documented Operating Procedures Alasan: Dokumentasi prosedur penggunaan aset juga berkaitan dengan documented operating procedures organisasi.
C77: A.6.6 | D77: A.8.2
C78: A.6.6 | D78: A.6.7
C79: A.8.5 | D79: A.6.1
C80: A.6.3 | D80: A.6.1
C81: A.8.19 | D81: A.6.6
C82: A.5.1 | D82: A.5.2
C83: A.8.23 | D83: A.8.5
C84: A.8.24 | D84: A.8.25
C85: A.6.6 | D85: A.8.2
C86: A.8.5 | D86: A.6.6
C87: A.6.3 | D87: A.6.1
C88: A.5.2 | D88: A.8.9
... C251: A.5.2 | D251: A.8.5

Sheet Annex Control Counter
A1: Annex ID | B1: Control Name | C1: GT1_Count | D1: GT2_Count | E1: GT3_Count | F1: Total_Shown
A2: A.5.1 | B2: Kebijakan keamanan informasi | C2: =COUNTIF('Explicit Short'!$C:$C,$A2) -> 0 | D2: =COUNTIF('Explicit Short'!$D:$D,$A2) -> 4 | E2: =COUNTIF('Explicit Short'!$E:$E,$A2) -> 2 | F2: =C2+D2+E2 -> 6
A3: A.5.2 | B3: Peran dan tanggung jawab keamanan informasi | C3: =COUNTIF('Explicit Short'!$C:$C,$A3) -> 2 | D3: =COUNTIF('Explicit Short'!$D:$D,$A3) -> 3 | E3: =COUNTIF('Explicit Short'!$E:$E,$A3) -> 0 | F3: =C3+D3+E3 -> 5
A4: A.5.3 | B4: Pemisahan tugas | C4: =COUNTIF('Explicit Short'!$C:$C,$A4) -> 5 | D4: =COUNTIF('Explicit Short'!$D:$D,$A4) -> 0 | E4: =COUNTIF('Explicit Short'!$E:$E,$A4) -> 0 | F4: =C4+D4+E4 -> 5
A5: A.5.4 | B5: Tanggung jawab manajemen | C5: =COUNTIF('Explicit Short'!$C:$C,$A5) -> 4 | D5: =COUNTIF('Explicit Short'!$D:$D,$A5) -> 0 | E5: =COUNTIF('Explicit Short'!$E:$E,$A5) -> 1 | F5: =C5+D5+E5 -> 5
A6: A.5.5 | B6: Kontak dengan otoritas | C6: =COUNTIF('Explicit Short'!$C:$C,$A6) -> 2 | D6: =COUNTIF('Explicit Short'!$D:$D,$A6) -> 2 | E6: =COUNTIF('Explicit Short'!$E:$E,$A6) -> 1 | F6: =C6+D6+E6 -> 5
A7: A.5.6 | B7: Kontak dengan kelompok kepentingan khusus | C7: =COUNTIF('Explicit Short'!$C:$C,$A7) -> 2 | D7: =COUNTIF('Explicit Short'!$D:$D,$A7) -> 3 | E7: =COUNTIF('Explicit Short'!$E:$E,$A7) -> 0 | F7: =C7+D7+E7 -> 5
A8: A.5.7 | B8: Intelijen ancaman | C8: =COUNTIF('Explicit Short'!$C:$C,$A8) -> 5 | D8: =COUNTIF('Explicit Short'!$D:$D,$A8) -> 0 | E8: =COUNTIF('Explicit Short'!$E:$E,$A8) -> 0 | F8: =C8+D8+E8 -> 5
A9: A.5.8 | B9: Keamanan informasi dalam manajemen proyek | C9: =COUNTIF('Explicit Short'!$C:$C,$A9) -> 5 | D9: =COUNTIF('Explicit Short'!$D:$D,$A9) -> 0 | E9: =COUNTIF('Explicit Short'!$E:$E,$A9) -> 0 | F9: =C9+D9+E9 -> 5
A10: A.5.9 | B10: Inventarisasi informasi dan aset terkait lainnya | C10: =COUNTIF('Explicit Short'!$C:$C,$A10) -> 3 | D10: =COUNTIF('Explicit Short'!$D:$D,$A10) -> 0 | E10: =COUNTIF('Explicit Short'!$E:$E,$A10) -> 2 | F10: =C10+D10+E10 -> 5
A11: A.5.10 | B11: Penggunaan informasi dan aset terkait yang dapat diterima | C11: =COUNTIF('Explicit Short'!$C:$C,$A11) -> 1 | D11: =COUNTIF('Explicit Short'!$D:$D,$A11) -> 5 | E11: =COUNTIF('Explicit Short'!$E:$E,$A11) -> 0 | F11: =C11+D11+E11 -> 6
A12: A.5.11 | B12: Pengembalian aset | C12: =COUNTIF('Explicit Short'!$C:$C,$A12) -> 0 | D12: =COUNTIF('Explicit Short'!$D:$D,$A12) -> 4 | E12: =COUNTIF('Explicit Short'!$E:$E,$A12) -> 1 | F12: =C12+D12+E12 -> 5
A13: A.5.12 | B13: Klasifikasi informasi | C13: =COUNTIF('Explicit Short'!$C:$C,$A13) -> 4 | D13: =COUNTIF('Explicit Short'!$D:$D,$A13) -> 0 | E13: =COUNTIF('Explicit Short'!$E:$E,$A13) -> 1 | F13: =C13+D13+E13 -> 5
... A94: A.8.34 | B94: Perlindungan sistem informasi selama pengujian audit | C94: =COUNTIF('Explicit Short'!$C:$C,$A94) -> 5 | D94: =COUNTIF('Explicit Short'!$D:$D,$A94) -> 0 | E94: =COUNTIF('Explicit Short'!$E:$E,$A94) -> 0 | F94: =C94+D94+E94 -> 5
